Workbook

Sheet Demand
A1: top | B1: mid | C1: low | D1: decimal | E1: changeable | F1: 변수설명 | G1: 참조지표 | H1: =I1-1 -> 2015 | I1: =J1-1 -> 2016 | J1: =K1-1 -> 2017 | K1: =L1-1 -> 2018 | L1: =M1-1 -> 2019 | M1: =N1-1 -> 2020 | N1: =O1-1 -> 2021 | O1: =P1-1 -> 2022 | P1: =Q1-1 -> 2023 | Q1: =ref!B4 -> 2024 | R1: =Q1+1 -> 2025 | S1: =R1+1 -> 2026 | T1: =S1+1 -> 2027 | U1: =T1+1 -> 2028 | V1: =U1+1 -> 2029 | W1: =V1+1 -> 2030 | X1: =W1+1 -> 2031 | Y1: =X1+1 -> 2032 | ... AU1: =AT1+1 -> 2054
A2: General Index | B2: Passenger Index | C2: Annual Passengers📝 | D2: float0 | E2: O | F2: 연간여객 | H2: =VLOOKUP($F2,raw_data!$1:$1048576,MATCH(H$1,raw_data!$1:$1,0),FALSE) -> 317549 | I2: =VLOOKUP($F2,raw_data!$1:$1048576,MATCH(I$1,raw_data!$1:$1,0),FALSE) -> 296385 | J2: =VLOOKUP($F2,raw_data!$1:$1048576,MATCH(J$1,raw_data!$1:$1,0),FALSE) -> 300529 | K2: =VLOOKUP($F2,raw_data!$1:$1048576,MATCH(K$1,raw_data!$1:$1,0),FALSE) -> 360857 | L2: =VLOOKUP($F2,raw_data!$1:$1048576,MATCH(L$1,raw_data!$1:$1,0),FALSE) -> 427585 | M2: =VLOOKUP($F2,raw_data!$1:$1048576,MATCH(M$1,raw_data!$1:$1,0),FALSE) -> 119957 | N2: =VLOOKUP($F2,raw_data!$1:$1048576,MATCH(N$1,raw_data!$1:$1,0),FALSE) -> 336251 | O2: =VLOOKUP($F2,raw_data!$1:$1048576,MATCH(O$1,raw_data!$1:$1,0),FALSE) -> 503019 | ... Q2: =VLOOKUP($F2,raw_data!$1:$1048576,MATCH(Q$1,raw_data!$1:$1,0),FALSE) -> 601530 | R2: 690661.64 | S2: 762316.79 | T2: 844425.68 | U2: 930926.7 | V2: 1025226.3 | W2: 1133823.9 | X2: 1230510.3 | Y2: 1338980.8 | Z2: 1465253.4 | AA2: 1606814.7 | AB2: 1765878.6 | AC2: 1915282.8 | AD2: 2065216.5 | AE2: 2216067.1 | AF2: 2367438.7 | AG2: 2516702.3 | AH2: 2668163 | AI2: 2819465.6 | AJ2: 2928179.3 | AK2: 3043999.2 | AL2: 3163819.4 | AM2: 3287901 | AN2: 3415977.5 | AO2: 3550247.8 | AP2: 3691036.5 | AQ2: 3834900.1 | AR2: 3986568 | AS2: 4144450 | AT2: 4306348.8 | AU2: 4476225.1
C3: International Passengers | D3: float0 | F3: International여객 | H3: =VLOOKUP($F3,raw_data!$1:$1048576,MATCH(H$1,raw_data!$1:$1,0),FALSE) -> 125299 | I3: =VLOOKUP($F3,raw_data!$1:$1048576,MATCH(I$1,raw_data!$1:$1,0),FALSE) -> 103500 | J3: =VLOOKUP($F3,raw_data!$1:$1048576,MATCH(J$1,raw_data!$1:$1,0),FALSE) -> 117081 | K3: =VLOOKUP($F3,raw_data!$1:$1048576,MATCH(K$1,raw_data!$1:$1,0),FALSE) -> 162463 | L3: =VLOOKUP($F3,raw_data!$1:$1048576,MATCH(L$1,raw_data!$1:$1,0),FALSE) -> 212440 | M3: =VLOOKUP($F3,raw_data!$1:$1048576,MATCH(M$1,raw_data!$1:$1,0),FALSE) -> 54451 | N3: =VLOOKUP($F3,raw_data!$1:$1048576,MATCH(N$1,raw_data!$1:$1,0),FALSE) -> 174174 | O3: =VLOOKUP($F3,raw_data!$1:$1048576,MATCH(O$1,raw_data!$1:$1,0),FALSE) -> 298727 | ... Q3: =VLOOKUP($F3,raw_data!$1:$1048576,MATCH(Q$1,raw_data!$1:$1,0),FALSE) -> 318069 | R3: =R2*R9 -> 363709.35 | S3: =S2*S9 -> 412526.08 | T3: =T2*T9 -> 460870.48 | U3: =U2*U9 -> 499127.63 | V3: =V2*V9 -> 549206.85 | W3: =W2*W9 -> 608952.56 | X3: =X2*X9 -> 663457.13 | Y3: =Y2*Y9 -> 721412.39 | ... AU3: =AU2*AU9 -> 2408019.4
C4: Domestic Passengers | D4: float0 | F4: Domestic여객 | H4: =VLOOKUP($F4,raw_data!$1:$1048576,MATCH(H$1,raw_data!$1:$1,0),FALSE) -> 192250 | I4: =VLOOKUP($F4,raw_data!$1:$1048576,MATCH(I$1,raw_data!$1:$1,0),FALSE) -> 192885 | J4: =VLOOKUP($F4,raw_data!$1:$1048576,MATCH(J$1,raw_data!$1:$1,0),FALSE) -> 183448 | K4: =VLOOKUP($F4,raw_data!$1:$1048576,MATCH(K$1,raw_data!$1:$1,0),FALSE) -> 198394 | L4: =VLOOKUP($F4,raw_data!$1:$1048576,MATCH(L$1,raw_data!$1:$1,0),FALSE) -> 215145 | M4: =VLOOKUP($F4,raw_data!$1:$1048576,MATCH(M$1,raw_data!$1:$1,0),FALSE) -> 65506 | N4: =VLOOKUP($F4,raw_data!$1:$1048576,MATCH(N$1,raw_data!$1:$1,0),FALSE) -> 162077 | O4: =VLOOKUP($F4,raw_data!$1:$1048576,MATCH(O$1,raw_data!$1:$1,0),FALSE) -> 204292 | ... Q4: =VLOOKUP($F4,raw_data!$1:$1048576,MATCH(Q$1,raw_data!$1:$1,0),FALSE) -> 283461 | R4: =R2-R3 -> 326952.29 | S4: =S2-S3 -> 349790.7 | T4: =T2-T3 -> 383555.2 | U4: =U2-U3 -> 431799.07 | V4: =V2-V3 -> 476019.46 | W4: =W2-W3 -> 524871.32 | X4: =X2-X3 -> 567053.21 | Y4: =Y2-Y3 -> 617568.46 | ... AU4: =AU2-AU3 -> 2068205.7
C5: Long_haul Passengers | D5: float0 | F5: Long_haul여객 | H5: =VLOOKUP($F5,raw_data!$1:$1048576,MATCH(H$1,raw_data!$1:$1,0),FALSE) -> 4469 | I5: =VLOOKUP($F5,raw_data!$1:$1048576,MATCH(I$1,raw_data!$1:$1,0),FALSE) -> 7174 | J5: =VLOOKUP($F5,raw_data!$1:$1048576,MATCH(J$1,raw_data!$1:$1,0),FALSE) -> 7308 | K5: =VLOOKUP($F5,raw_data!$1:$1048576,MATCH(K$1,raw_data!$1:$1,0),FALSE) -> 5646 | L5: =VLOOKUP($F5,raw_data!$1:$1048576,MATCH(L$1,raw_data!$1:$1,0),FALSE) -> 11025 | M5: =VLOOKUP($F5,raw_data!$1:$1048576,MATCH(M$1,raw_data!$1:$1,0),FALSE) -> 0 | N5: =VLOOKUP($F5,raw_data!$1:$1048576,MATCH(N$1,raw_data!$1:$1,0),FALSE) -> 0 | O5: =VLOOKUP($F5,raw_data!$1:$1048576,MATCH(O$1,raw_data!$1:$1,0),FALSE) -> 3387 | ... Q5: =VLOOKUP($F5,raw_data!$1:$1048576,MATCH(Q$1,raw_data!$1:$1,0),FALSE) -> 13587 | R5: =R2*R10 -> 14738.221 | S5: =S2*S10 -> 16267.29 | T5: =T2*T10 -> 18019.435 | U5: =U2*U10 -> 19865.304 | V5: =V2*V10 -> 21877.59 | W5: =W2*W10 -> 24194.984 | X5: =X2*X10 -> 26258.203 | Y5: =Y2*Y10 -> 28572.885 | ... AU5: =AU2*AU10 -> 95519.415
C6: Short_haul Passengers | D6: float0 | F6: Short_haul여객 | H6: =VLOOKUP($F6,raw_data!$1:$1048576,MATCH(H$1,raw_data!$1:$1,0),FALSE) -> 313080 | I6: =VLOOKUP($F6,raw_data!$1:$1048576,MATCH(I$1,raw_data!$1:$1,0),FALSE) -> 289211 | J6: =VLOOKUP($F6,raw_data!$1:$1048576,MATCH(J$1,raw_data!$1:$1,0),FALSE) -> 293221 | K6: =VLOOKUP($F6,raw_data!$1:$1048576,MATCH(K$1,raw_data!$1:$1,0),FALSE) -> 355211 | L6: =VLOOKUP($F6,raw_data!$1:$1048576,MATCH(L$1,raw_data!$1:$1,0),FALSE) -> 416560 | M6: =VLOOKUP($F6,raw_data!$1:$1048576,MATCH(M$1,raw_data!$1:$1,0),FALSE) -> 119957 | N6: =VLOOKUP($F6,raw_data!$1:$1048576,MATCH(N$1,raw_data!$1:$1,0),FALSE) -> 336251 | O6: =VLOOKUP($F6,raw_data!$1:$1048576,MATCH(O$1,raw_data!$1:$1,0),FALSE) -> 499632 | ... Q6: =VLOOKUP($F6,raw_data!$1:$1048576,MATCH(Q$1,raw_data!$1:$1,0),FALSE) -> 587943 | R6: =R2-R5 -> 675923.42 | S6: =S2-S5 -> 746049.5 | T6: =T2-T5 -> 826406.25 | U6: =U2-U5 -> 911061.39 | V6: =V2-V5 -> 1003348.7 | W6: =W2-W5 -> 1109628.9 | X6: =X2-X5 -> 1204252.1 | Y6: =Y2-Y5 -> 1310408 | ... AU6: =AU2-AU5 -> 4380705.7
C7: Normal Passengers | D7: float0 | F7: 정규여객 | H7: =VLOOKUP($F7,raw_data!$1:$1048576,MATCH(H$1,raw_data!$1:$1,0),FALSE) -> 317549 | I7: =VLOOKUP($F7,raw_data!$1:$1048576,MATCH(I$1,raw_data!$1:$1,0),FALSE) -> 296385 | J7: =VLOOKUP($F7,raw_data!$1:$1048576,MATCH(J$1,raw_data!$1:$1,0),FALSE) -> 300529 | K7: =VLOOKUP($F7,raw_data!$1:$1048576,MATCH(K$1,raw_data!$1:$1,0),FALSE) -> 360857 | L7: =VLOOKUP($F7,raw_data!$1:$1048576,MATCH(L$1,raw_data!$1:$1,0),FALSE) -> 427585 | M7: =VLOOKUP($F7,raw_data!$1:$1048576,MATCH(M$1,raw_data!$1:$1,0),FALSE) -> 119957 | N7: =VLOOKUP($F7,raw_data!$1:$1048576,MATCH(N$1,raw_data!$1:$1,0),FALSE) -> 336251 | O7: =VLOOKUP($F7,raw_data!$1:$1048576,MATCH(O$1,raw_data!$1:$1,0),FALSE) -> 503019 | ... Q7: =VLOOKUP($F7,raw_data!$1:$1048576,MATCH(Q$1,raw_data!$1:$1,0),FALSE) -> 601530 | R7: =R2*R11 -> 690661.64 | S7: =S2*S11 -> 762316.79 | T7: =T2*T11 -> 844425.68 | U7: =U2*U11 -> 930926.7 | V7: =V2*V11 -> 1025226.3 | W7: =W2*W11 -> 1133823.9 | X7: =X2*X11 -> 1230510.3 | Y7: =Y2*Y11 -> 1338980.8 | ... AU7: =AU2*AU11 -> 4476225.1
C8: Charter Passengers | D8: float0 | F8: 전세기여객 | H8: =VLOOKUP($F8,raw_data!$1:$1048576,MATCH(H$1,raw_data!$1:$1,0),FALSE) -> 0 | I8: =VLOOKUP($F8,raw_data!$1:$1048576,MATCH(I$1,raw_data!$1:$1,0),FALSE) -> 0 | J8: =VLOOKUP($F8,raw_data!$1:$1048576,MATCH(J$1,raw_data!$1:$1,0),FALSE) -> 0 | K8: =VLOOKUP($F8,raw_data!$1:$1048576,MATCH(K$1,raw_data!$1:$1,0),FALSE) -> 0 | L8: =VLOOKUP($F8,raw_data!$1:$1048576,MATCH(L$1,raw_data!$1:$1,0),FALSE) -> 0 | M8: =VLOOKUP($F8,raw_data!$1:$1048576,MATCH(M$1,raw_data!$1:$1,0),FALSE) -> 0 | N8: =VLOOKUP($F8,raw_data!$1:$1048576,MATCH(N$1,raw_data!$1:$1,0),FALSE) -> 0 | O8: =VLOOKUP($F8,raw_data!$1:$1048576,MATCH(O$1,raw_data!$1:$1,0),FALSE) -> 0 | ... Q8: =VLOOKUP($F8,raw_data!$1:$1048576,MATCH(Q$1,raw_data!$1:$1,0),FALSE) -> 0 | R8: =R2-R7 -> 0 | S8: =S2-S7 -> 0 | T8: =T2-T7 -> 0 | U8: =U2-U7 -> 0 | V8: =V2-V7 -> 0 | W8: =W2-W7 -> 0 | X8: =X2-X7 -> 0 | Y8: =Y2-Y7 -> 0 | ... AU8: =AU2-AU7 -> 0
C9: International Passengers(%)📝 | D9: percent0 | E9: O | G9: =IFERROR(SUMIF($H$145:$Q$145,"O",H9:Q9)/COUNTIFS($H$145:$Q$145,"O",H9:Q9,"<>0"),0) -> 0.49193929 | H9: =H3/H2 -> 0.39458162 | I9: =I3/I2 -> 0.34920796 | J9: =J3/J2 -> 0.38958304 | K9: =K3/K2 -> 0.45021435 | L9: =L3/L2 -> 0.49683689 | M9: =M3/M2 -> 0.45392099 | N9: =N3/N2 -> 0.51798805 | O9: =O3/O2 -> 0.59386822 | ... Q9: =Q3/Q2 -> 0.52876665 | R9: =AVERAGE(M9:Q9) -> 0.52661003 | S9: =AVERAGE(N9:R9) -> 0.54114784 | T9: =AVERAGE(O9:S9) -> 0.5457798 | U9: =AVERAGE(P9:T9) -> 0.53616211 | V9: =AVERAGE(Q9:U9) -> 0.53569329 | W9: =AVERAGE(R9:V9) -> 0.53707861 | X9: =AVERAGE(S9:W9) -> 0.53917233 | Y9: =AVERAGE(T9:X9) -> 0.53877723 | ... AU9: =AVERAGE(AP9:AT9) -> 0.53795763
C10: Longhaul Passengers(%)📝 | D10: percent0 | E10: O | G10: =IFERROR(SUMIF($H$145:$Q$145,"O",H10:Q10)/COUNTIFS($H$145:$Q$145,"O",H10:Q10,"<>0"),0) -> 0.021339279 | H10: =H5/H2 -> 0.014073419 | I10: =I5/I2 -> 0.024205004 | J10: =J5/J2 -> 0.024317121 | K10: =K5/K2 -> 0.015646087 | L10: =L5/L2 -> 0.025784347 | M10: =M5/M2 -> 0 | N10: =N5/N2 -> 0 | O10: =O5/O2 -> 0.0067333441 | ... Q10: =Q5/Q2 -> 0.022587402 | R10: =G10 -> 0.021339279 | S10: =R10 -> 0.021339279 | T10: =S10 -> 0.021339279 | U10: =T10 -> 0.021339279 | V10: =U10 -> 0.021339279 | W10: =V10 -> 0.021339279 | X10: =W10 -> 0.021339279 | Y10: =X10 -> 0.021339279 | Z10: =Y10 -> 0.021339279 | ... AU10: =AT10 -> 0.021339279
C11: Regular Passengers(%)📝 | D11: percent0 | E11: O | G11: =IFERROR(SUMIF($H$145:$Q$145,"O",H11:Q11)/COUNTIFS($H$145:$Q$145,"O",H11:Q11,"<>0"),0) -> 1 | H11: =H7/H2 -> 1 | I11: =I7/I2 -> 1 | J11: =J7/J2 -> 1 | K11: =K7/K2 -> 1 | L11: =L7/L2 -> 1 | M11: =M7/M2 -> 1 | N11: =N7/N2 -> 1 | O11: =O7/O2 -> 1 | ... Q11: =Q7/Q2 -> 1 | R11: =G11 -> 1 | S11: =R11 -> 1 | T11: =S11 -> 1 | U11: =T11 -> 1 | V11: =U11 -> 1 | W11: =V11 -> 1 | X11: =W11 -> 1 | Y11: =X11 -> 1 | Z11: =Y11 -> 1 | ... AU11: =AT11 -> 1
C12: Total Seats | D12: float0 | H12: =H13*H20 -> 372767 | I12: =I13*I20 -> 362139 | J12: =J13*J20 -> 377076 | K12: =K13*K20 -> 451047 | L12: =L13*L20 -> 538749 | M12: =M13*M20 -> 160120 | N12: =N13*N20 -> 412029 | O12: =O13*O20 -> 608138 | ... AU12: =AU13*AU20 -> 5698031.1
C13: Average Seats Per Aircraft | D13: float0 | F13: 대당좌석수 | H13: =VLOOKUP($F13,raw_data!$1:$1048576,MATCH(H$1,raw_data!$1:$1,0),FALSE) -> 131.48748 | I13: =VLOOKUP($F13,raw_data!$1:$1048576,MATCH(I$1,raw_data!$1:$1,0),FALSE) -> 130.68892 | J13: =VLOOKUP($F13,raw_data!$1:$1048576,MATCH(J$1,raw_data!$1:$1,0),FALSE) -> 124.61203 | K13: =VLOOKUP($F13,raw_data!$1:$1048576,MATCH(K$1,raw_data!$1:$1,0),FALSE) -> 161.60767 | L13: =VLOOKUP($F13,raw_data!$1:$1048576,MATCH(L$1,raw_data!$1:$1,0),FALSE) -> 166.74373 | M13: =VLOOKUP($F13,raw_data!$1:$1048576,MATCH(M$1,raw_data!$1:$1,0),FALSE) -> 164.56321 | N13: =VLOOKUP($F13,raw_data!$1:$1048576,MATCH(N$1,raw_data!$1:$1,0),FALSE) -> 166.27482 | O13: =VLOOKUP($F13,raw_data!$1:$1048576,MATCH(O$1,raw_data!$1:$1,0),FALSE) -> 152.14861 | ... Q13: =VLOOKUP($F13,raw_data!$1:$1048576,MATCH(Q$1,raw_data!$1:$1,0),FALSE) -> 158.01924 | R13: =SUMPRODUCT(R37:R40,R25:R28) -> 162.33381 | S13: =SUMPRODUCT(S37:S40,S25:S28) -> 162.33381 | T13: =SUMPRODUCT(T37:T40,T25:T28) -> 162.33381 | U13: =SUMPRODUCT(U37:U40,U25:U28) -> 162.33381 | V13: =SUMPRODUCT(V37:V40,V25:V28) -> 162.33381 | W13: =SUMPRODUCT(W37:W40,W25:W28) -> 162.33381 | X13: =SUMPRODUCT(X37:X40,X25:X28) -> 162.33381 | Y13: =SUMPRODUCT(Y37:Y40,Y25:Y28) -> 162.33381 | ... AU13: =SUMPRODUCT(AU37:AU40,AU25:AU28) -> 162.33381
C14: Load Factor(%)📝 | D14: percent0 | E14: O | F14: 탑승율 | G14: =SUMIF($H$146:$Q$146,"O",H14:Q14)/COUNTIFS($H$146:$Q$146,"O",H14:Q14,"<>0") -> 0.78557401 | H14: =VLOOKUP($F14,raw_data!$1:$1048576,MATCH(H$1,raw_data!$1:$1,0),FALSE) -> 0.85186993 | I14: =VLOOKUP($F14,raw_data!$1:$1048576,MATCH(I$1,raw_data!$1:$1,0),FALSE) -> 0.81842884 | J14: =VLOOKUP($F14,raw_data!$1:$1048576,MATCH(J$1,raw_data!$1:$1,0),FALSE) -> 0.79699848 | K14: =VLOOKUP($F14,raw_data!$1:$1048576,MATCH(K$1,raw_data!$1:$1,0),FALSE) -> 0.80004301 | L14: =VLOOKUP($F14,raw_data!$1:$1048576,MATCH(L$1,raw_data!$1:$1,0),FALSE) -> 0.79366273 | M14: =VLOOKUP($F14,raw_data!$1:$1048576,MATCH(M$1,raw_data!$1:$1,0),FALSE) -> 0.74916937 | N14: =VLOOKUP($F14,raw_data!$1:$1048576,MATCH(N$1,raw_data!$1:$1,0),FALSE) -> 0.81608576 | O14: =VLOOKUP($F14,raw_data!$1:$1048576,MATCH(O$1,raw_data!$1:$1,0),FALSE) -> 0.82714614 | ... Q14: =VLOOKUP($F14,raw_data!$1:$1048576,MATCH(Q$1,raw_data!$1:$1,0),FALSE) -> 0.76301629 | R14: =G14 -> 0.78557401 | S14: =R14 -> 0.78557401 | T14: =S14 -> 0.78557401 | U14: =T14 -> 0.78557401 | V14: =U14 -> 0.78557401 | W14: =V14 -> 0.78557401 | X14: =W14 -> 0.78557401 | Y14: =X14 -> 0.78557401 | Z14: =Y14 -> 0.78557401 | ... AU14: =AT14 -> 0.78557401
C15: Average Passengers Per Aircraft | D15: float0 | F15: 대당여객 | H15: =VLOOKUP($F15,raw_data!$1:$1048576,MATCH(H$1,raw_data!$1:$1,0),FALSE) -> 112.01023 | I15: =VLOOKUP($F15,raw_data!$1:$1048576,MATCH(I$1,raw_data!$1:$1,0),FALSE) -> 106.95958 | J15: =VLOOKUP($F15,raw_data!$1:$1048576,MATCH(J$1,raw_data!$1:$1,0),FALSE) -> 99.315598 | K15: =VLOOKUP($F15,raw_data!$1:$1048576,MATCH(K$1,raw_data!$1:$1,0),FALSE) -> 129.29308 | L15: =VLOOKUP($F15,raw_data!$1:$1048576,MATCH(L$1,raw_data!$1:$1,0),FALSE) -> 132.33829 | M15: =VLOOKUP($F15,raw_data!$1:$1048576,MATCH(M$1,raw_data!$1:$1,0),FALSE) -> 123.28571 | N15: =VLOOKUP($F15,raw_data!$1:$1048576,MATCH(N$1,raw_data!$1:$1,0),FALSE) -> 135.69451 | O15: =VLOOKUP($F15,raw_data!$1:$1048576,MATCH(O$1,raw_data!$1:$1,0),FALSE) -> 125.84914 | ... Q15: =VLOOKUP($F15,raw_data!$1:$1048576,MATCH(Q$1,raw_data!$1:$1,0),FALSE) -> 120.57126 | R15: =R13*R14 -> 127.52522 | S15: =S13*S14 -> 127.52522 | T15: =T13*T14 -> 127.52522 | U15: =U13*U14 -> 127.52522 | V15: =V13*V14 -> 127.52522 | W15: =W13*W14 -> 127.52522 | X15: =X13*X14 -> 127.52522 | Y15: =Y13*Y14 -> 127.52522 | ... AU15: =AU13*AU14 -> 127.52522
C16: Annual Transfer Passengers | D16: float0 | F16: 연간환승승객 | H16: =VLOOKUP($F16,raw_data!$1:$1048576,MATCH(H$1,raw_data!$1:$1,0),FALSE) -> 18596 | I16: =VLOOKUP($F16,raw_data!$1:$1048576,MATCH(I$1,raw_data!$1:$1,0),FALSE) -> 14375 | J16: =VLOOKUP($F16,raw_data!$1:$1048576,MATCH(J$1,raw_data!$1:$1,0),FALSE) -> 11324 | K16: =VLOOKUP($F16,raw_data!$1:$1048576,MATCH(K$1,raw_data!$1:$1,0),FALSE) -> 9561 | L16: =VLOOKUP($F16,raw_data!$1:$1048576,MATCH(L$1,raw_data!$1:$1,0),FALSE) -> 10501 | M16: =VLOOKUP($F16,raw_data!$1:$1048576,MATCH(M$1,raw_data!$1:$1,0),FALSE) -> 1959 | N16: =VLOOKUP($F16,raw_data!$1:$1048576,MATCH(N$1,raw_data!$1:$1,0),FALSE) -> 11275 | O16: =VLOOKUP($F16,raw_data!$1:$1048576,MATCH(O$1,raw_data!$1:$1,0),FALSE) -> 16586 | ... Q16: =VLOOKUP($F16,raw_data!$1:$1048576,MATCH(Q$1,raw_data!$1:$1,0),FALSE) -> 18303 | R16: =R2*R17 -> 18758.722 | S16: =S2*S17 -> 20704.913 | T16: =T2*T17 -> 22935.032 | U16: =U2*U17 -> 25284.444 | V16: =V2*V17 -> 27845.67 | W16: =W2*W17 -> 30795.235 | X16: =X2*X17 -> 33421.288 | Y16: =Y2*Y17 -> 36367.402 | ... AU16: =AU2*AU17 -> 121576.56
C17: Transfer Rate(%)📝 | D17: percent0 | E17: O | F17: 환승율 | G17: =SUMIF($H$147:$Q$147,"O",H17:Q17)/COUNTIFS($H$147:$Q$147,"O",H17:Q17,"<>0") -> 0.02716051 | H17: =VLOOKUP($F17,raw_data!$1:$1048576,MATCH(H$1,raw_data!$1:$1,0),FALSE) -> 0.058561041 | I17: =VLOOKUP($F17,raw_data!$1:$1048576,MATCH(I$1,raw_data!$1:$1,0),FALSE) -> 0.048501105 | J17: =VLOOKUP($F17,raw_data!$1:$1048576,MATCH(J$1,raw_data!$1:$1,0),FALSE) -> 0.037680224 | K17: =VLOOKUP($F17,raw_data!$1:$1048576,MATCH(K$1,raw_data!$1:$1,0),FALSE) -> 0.02649526 | L17: =VLOOKUP($F17,raw_data!$1:$1048576,MATCH(L$1,raw_data!$1:$1,0),FALSE) -> 0.02455886 | M17: =VLOOKUP($F17,raw_data!$1:$1048576,MATCH(M$1,raw_data!$1:$1,0),FALSE) -> 0.016330852 | N17: =VLOOKUP($F17,raw_data!$1:$1048576,MATCH(N$1,raw_data!$1:$1,0),FALSE) -> 0.033531499 | O17: =VLOOKUP($F17,raw_data!$1:$1048576,MATCH(O$1,raw_data!$1:$1,0),FALSE) -> 0.03297291 | ... Q17: =VLOOKUP($F17,raw_data!$1:$1048576,MATCH(Q$1,raw_data!$1:$1,0),FALSE) -> 0.03042741 | R17: =G17 -> 0.02716051 | S17: =R17 -> 0.02716051 | T17: =S17 -> 0.02716051 | U17: =T17 -> 0.02716051 | V17: =U17 -> 0.02716051 | W17: =V17 -> 0.02716051 | X17: =W17 -> 0.02716051 | Y17: =X17 -> 0.02716051 | Z17: =Y17 -> 0.02716051 | ... AU17: =AT17 -> 0.02716051
C18: Average Crew Per Aircraft | D18: float0 | F18: 대당승무원 | H18: =VLOOKUP($F18,raw_data!$1:$1048576,MATCH(H$1,raw_data!$1:$1,0),FALSE) -> 7.1513228 | I18: =VLOOKUP($F18,raw_data!$1:$1048576,MATCH(I$1,raw_data!$1:$1,0),FALSE) -> 6.7513533 | J18: =VLOOKUP($F18,raw_data!$1:$1048576,MATCH(J$1,raw_data!$1:$1,0),FALSE) -> 6.1996034 | K18: =VLOOKUP($F18,raw_data!$1:$1048576,MATCH(K$1,raw_data!$1:$1,0),FALSE) -> 8.4632748 | L18: =VLOOKUP($F18,raw_data!$1:$1048576,MATCH(L$1,raw_data!$1:$1,0),FALSE) -> 8.4020427 | M18: =VLOOKUP($F18,raw_data!$1:$1048576,MATCH(M$1,raw_data!$1:$1,0),FALSE) -> 7.995889 | N18: =VLOOKUP($F18,raw_data!$1:$1048576,MATCH(N$1,raw_data!$1:$1,0),FALSE) -> 8.653753 | O18: =VLOOKUP($F18,raw_data!$1:$1048576,MATCH(O$1,raw_data!$1:$1,0),FALSE) -> 8.1341006 | ... Q18: =VLOOKUP($F18,raw_data!$1:$1048576,MATCH(Q$1,raw_data!$1:$1,0),FALSE) -> 7.702746 | R18: =IFERROR(SUMPRODUCT(R29:R32,R51:R54)/SUM(R29:R32),0) -> 8.1967823 | S18: =IFERROR(SUMPRODUCT(S29:S32,S51:S54)/SUM(S29:S32),0) -> 8.1967823 | T18: =IFERROR(SUMPRODUCT(T29:T32,T51:T54)/SUM(T29:T32),0) -> 8.1967823 | U18: =IFERROR(SUMPRODUCT(U29:U32,U51:U54)/SUM(U29:U32),0) -> 8.1967823 | V18: =IFERROR(SUMPRODUCT(V29:V32,V51:V54)/SUM(V29:V32),0) -> 8.1967823 | W18: =IFERROR(SUMPRODUCT(W29:W32,W51:W54)/SUM(W29:W32),0) -> 8.1967823 | X18: =IFERROR(SUMPRODUCT(X29:X32,X51:X54)/SUM(X29:X32),0) -> 8.1967823 | Y18: =IFERROR(SUMPRODUCT(Y29:Y32,Y51:Y54)/SUM(Y29:Y32),0) -> 8.1967823 | ... AU18: =IFERROR(SUMPRODUCT(AU29:AU32,AU51:AU54)/SUM(AU29:AU32),0) -> 8.1967823
C19: Crew Ratio(%) | D19: percent0 | F19: 승무원비율 | H19: =VLOOKUP($F19,raw_data!$1:$1048576,MATCH(H$1,raw_data!$1:$1,0),FALSE) -> 0.063845265 | I19: =VLOOKUP($F19,raw_data!$1:$1048576,MATCH(I$1,raw_data!$1:$1,0),FALSE) -> 0.063120603 | J19: =VLOOKUP($F19,raw_data!$1:$1048576,MATCH(J$1,raw_data!$1:$1,0),FALSE) -> 0.06242326 | K19: =VLOOKUP($F19,raw_data!$1:$1048576,MATCH(K$1,raw_data!$1:$1,0),FALSE) -> 0.065458062 | L19: =VLOOKUP($F19,raw_data!$1:$1048576,MATCH(L$1,raw_data!$1:$1,0),FALSE) -> 0.063489131 | M19: =VLOOKUP($F19,raw_data!$1:$1048576,MATCH(M$1,raw_data!$1:$1,0),FALSE) -> 0.064856574 | N19: =VLOOKUP($F19,raw_data!$1:$1048576,MATCH(N$1,raw_data!$1:$1,0),FALSE) -> 0.063773788 | O19: =VLOOKUP($F19,raw_data!$1:$1048576,MATCH(O$1,raw_data!$1:$1,0),FALSE) -> 0.064633741 | ... Q19: =VLOOKUP($F19,raw_data!$1:$1048576,MATCH(Q$1,raw_data!$1:$1,0),FALSE) -> 0.063885425 | R19: =IFERROR(R18/R15,0) -> 0.064275774 | S19: =IFERROR(S18/S15,0) -> 0.064275774 | T19: =IFERROR(T18/T15,0) -> 0.064275774 | U19: =IFERROR(U18/U15,0) -> 0.064275774 | V19: =IFERROR(V18/V15,0) -> 0.064275774 | W19: =IFERROR(W18/W15,0) -> 0.064275774 | X19: =IFERROR(X18/X15,0) -> 0.064275774 | Y19: =IFERROR(Y18/Y15,0) -> 0.064275774 | ... AU19: =IFERROR(AU18/AU15,0) -> 0.064275774
B20: Flight Index | C20: Annual Movements | D20: float0 | F20: 연간운항 | H20: =VLOOKUP($F20,raw_data!$1:$1048576,MATCH(H$1,raw_data!$1:$1,0),FALSE) -> 2835 | I20: =VLOOKUP($F20,raw_data!$1:$1048576,MATCH(I$1,raw_data!$1:$1,0),FALSE) -> 2771 | J20: =VLOOKUP($F20,raw_data!$1:$1048576,MATCH(J$1,raw_data!$1:$1,0),FALSE) -> 3026 | K20: =VLOOKUP($F20,raw_data!$1:$1048576,MATCH(K$1,raw_data!$1:$1,0),FALSE) -> 2791 | L20: =VLOOKUP($F20,raw_data!$1:$1048576,MATCH(L$1,raw_data!$1:$1,0),FALSE) -> 3231 | M20: =VLOOKUP($F20,raw_data!$1:$1048576,MATCH(M$1,raw_data!$1:$1,0),FALSE) -> 973 | N20: =VLOOKUP($F20,raw_data!$1:$1048576,MATCH(N$1,raw_data!$1:$1,0),FALSE) -> 2478 | O20: =VLOOKUP($F20,raw_data!$1:$1048576,MATCH(O$1,raw_data!$1:$1,0),FALSE) -> 3997 | ... Q20: =VLOOKUP($F20,raw_data!$1:$1048576,MATCH(Q$1,raw_data!$1:$1,0),FALSE) -> 4989 | R20: =IFERROR(R2/R15,0) -> 5415.8827 | S20: =IFERROR(S2/S15,0) -> 5977.7727 | T20: =IFERROR(T2/T15,0) -> 6621.6367 | U20: =IFERROR(U2/U15,0) -> 7299.9418 | V20: =IFERROR(V2/V15,0) -> 8039.4004 | W20: =IFERROR(W2/W15,0) -> 8890.9776 | X20: =IFERROR(X2/X15,0) -> 9649.1527 | Y20: =IFERROR(Y2/Y15,0) -> 10499.734 | ... AU20: =IFERROR(AU2/AU15,0) -> 35100.705
C21: Maximum Takeoff Weight Per Aircraft(lb) | D21: float0 | F21: 대당최대이륙중량 | H21: =VLOOKUP($F21,raw_data!$1:$1048576,MATCH(H$1,raw_data!$1:$1,0),FALSE) -> 142380.25 | I21: =VLOOKUP($F21,raw_data!$1:$1048576,MATCH(I$1,raw_data!$1:$1,0),FALSE) -> 145631.9 | J21: =VLOOKUP($F21,raw_data!$1:$1048576,MATCH(J$1,raw_data!$1:$1,0),FALSE) -> 135888.96 | K21: =VLOOKUP($F21,raw_data!$1:$1048576,MATCH(K$1,raw_data!$1:$1,0),FALSE) -> 173211.75 | L21: =VLOOKUP($F21,raw_data!$1:$1048576,MATCH(L$1,raw_data!$1:$1,0),FALSE) -> 185967.19 | M21: =VLOOKUP($F21,raw_data!$1:$1048576,MATCH(M$1,raw_data!$1:$1,0),FALSE) -> 173379.24 | N21: =VLOOKUP($F21,raw_data!$1:$1048576,MATCH(N$1,raw_data!$1:$1,0),FALSE) -> 168314.77 | O21: =VLOOKUP($F21,raw_data!$1:$1048576,MATCH(O$1,raw_data!$1:$1,0),FALSE) -> 154574.43 | ... Q21: =VLOOKUP($F21,raw_data!$1:$1048576,MATCH(Q$1,raw_data!$1:$1,0),FALSE) -> 152140.31
C22: Average Aircraft Age(months) | D22: float0 | F22: 대당기령(월)평균
C23: Average Flight Distance(km) | D23: float0 | F23: 비행거리평균(km) | H23: =VLOOKUP($F23,raw_data!$1:$1048576,MATCH(H$1,raw_data!$1:$1,0),FALSE) -> 1272.1975 | I23: =VLOOKUP($F23,raw_data!$1:$1048576,MATCH(I$1,raw_data!$1:$1,0),FALSE) -> 1167.9195 | J23: =VLOOKUP($F23,raw_data!$1:$1048576,MATCH(J$1,raw_data!$1:$1,0),FALSE) -> 1170.3001 | K23: =VLOOKUP($F23,raw_data!$1:$1048576,MATCH(K$1,raw_data!$1:$1,0),FALSE) -> 1385.0777 | L23: =VLOOKUP($F23,raw_data!$1:$1048576,MATCH(L$1,raw_data!$1:$1,0),FALSE) -> 1459.5704 | M23: =VLOOKUP($F23,raw_data!$1:$1048576,MATCH(M$1,raw_data!$1:$1,0),FALSE) -> 1392.8181 | N23: =VLOOKUP($F23,raw_data!$1:$1048576,MATCH(N$1,raw_data!$1:$1,0),FALSE) -> 1349.27 | O23: =VLOOKUP($F23,raw_data!$1:$1048576,MATCH(O$1,raw_data!$1:$1,0),FALSE) -> 1572.2014 | ... Q23: =VLOOKUP($F23,raw_data!$1:$1048576,MATCH(Q$1,raw_data!$1:$1,0),FALSE) -> 1549.9844
C24: Payload Per Aircraft | D24: float0 | F24: 대당유상탑재중량 | H24: =VLOOKUP($F24,raw_data!$1:$1048576,MATCH(H$1,raw_data!$1:$1,0),FALSE) -> 8748.642 | I24: =VLOOKUP($F24,raw_data!$1:$1048576,MATCH(I$1,raw_data!$1:$1,0),FALSE) -> 15402.526 | J24: =VLOOKUP($F24,raw_data!$1:$1048576,MATCH(J$1,raw_data!$1:$1,0),FALSE) -> 13794.448 | K24: =VLOOKUP($F24,raw_data!$1:$1048576,MATCH(K$1,raw_data!$1:$1,0),FALSE) -> 21093.085 | L24: =VLOOKUP($F24,raw_data!$1:$1048576,MATCH(L$1,raw_data!$1:$1,0),FALSE) -> 18936.614 | M24: =VLOOKUP($F24,raw_data!$1:$1048576,MATCH(M$1,raw_data!$1:$1,0),FALSE) -> 18987.873 | N24: =VLOOKUP($F24,raw_data!$1:$1048576,MATCH(N$1,raw_data!$1:$1,0),FALSE) -> 16013.479 | O24: =VLOOKUP($F24,raw_data!$1:$1048576,MATCH(O$1,raw_data!$1:$1,0),FALSE) -> 18391.093 | ... Q24: =VLOOKUP($F24,raw_data!$1:$1048576,MATCH(Q$1,raw_data!$1:$1,0),FALSE) -> 23106.835
A25: Flight Class Index | B25: FleetMIx | C25: =C137&"FleetMix📝" -> (Widebody Jets급)FleetMix📝 | D25: percent1 | E25: O | F25: =C137&"혼합율" -> (Widebody Jets급)혼합율 | G25: =IFERROR(SUMIF($H$148:$Q$148,"O",H25:Q25)/COUNTIFS($H$148:$Q$148,"O",H25:Q25,"<>0"),0) -> 0.037309913 | H25: =VLOOKUP($F25,raw_data!$1:$1048576,MATCH(H$1,raw_data!$1:$1,0),FALSE) -> 0.015520282 | I25: =VLOOKUP($F25,raw_data!$1:$1048576,MATCH(I$1,raw_data!$1:$1,0),FALSE) -> 0.03933598 | J25: =VLOOKUP($F25,raw_data!$1:$1048576,MATCH(J$1,raw_data!$1:$1,0),FALSE) -> 0.02709848 | K25: =VLOOKUP($F25,raw_data!$1:$1048576,MATCH(K$1,raw_data!$1:$1,0),FALSE) -> 0.034754568 | L25: =IFERROR(VLOOKUP($F25,raw_data!$1:$1048576,MATCH(L$1,raw_data!$1:$1,0),FALSE),0) -> 0.05632931 | M25: =IFERROR(VLOOKUP($F25,raw_data!$1:$1048576,MATCH(M$1,raw_data!$1:$1,0),FALSE),0) -> 0.01336074 | N25: =IFERROR(VLOOKUP($F25,raw_data!$1:$1048576,MATCH(N$1,raw_data!$1:$1,0),FALSE),0) -> 0.023002421 | O25: =IFERROR(VLOOKUP($F25,raw_data!$1:$1048576,MATCH(O$1,raw_data!$1:$1,0),FALSE),0) -> 0.017513135 | P25: =IFERROR(VLOOKUP($F25,raw_data!$1:$1048576,MATCH(P$1,raw_data!$1:$1,0),FALSE),0) -> 0.03125 | Q25: =IFERROR(VLOOKUP($F25,raw_data!$1:$1048576,MATCH(Q$1,raw_data!$1:$1,0),FALSE),0) -> 0.020845861 | R25: =G25 -> 0.037309913 | S25: =R25 -> 0.037309913 | T25: =S25 -> 0.037309913 | U25: =T25 -> 0.037309913 | V25: =U25 -> 0.037309913 | W25: =V25 -> 0.037309913 | X25: =W25 -> 0.037309913 | Y25: =X25 -> 0.037309913 | Z25: =Y25 -> 0.037309913 | ... AU25: =AT25 -> 0.037309913
C26: =C138&"FleetMix📝" -> (Narrowbody Jets급)FleetMix📝 | D26: percent1 | E26: O | F26: =C138&"혼합율" -> (Narrowbody Jets급)혼합율 | G26: =IFERROR(SUMIF($H$148:$Q$148,"O",H26:Q26)/COUNTIFS($H$148:$Q$148,"O",H26:Q26,"<>0"),0) -> 0.96228921 | H26: =VLOOKUP($F26,raw_data!$1:$1048576,MATCH(H$1,raw_data!$1:$1,0),FALSE) -> 0.98447972 | I26: =VLOOKUP($F26,raw_data!$1:$1048576,MATCH(I$1,raw_data!$1:$1,0),FALSE) -> 0.96066402 | J26: =VLOOKUP($F26,raw_data!$1:$1048576,MATCH(J$1,raw_data!$1:$1,0),FALSE) -> 0.97290152 | K26: =VLOOKUP($F26,raw_data!$1:$1048576,MATCH(K$1,raw_data!$1:$1,0),FALSE) -> 0.96524543 | L26: =IFERROR(VLOOKUP($F26,raw_data!$1:$1048576,MATCH(L$1,raw_data!$1:$1,0),FALSE),0) -> 0.94367069 | M26: =IFERROR(VLOOKUP($F26,raw_data!$1:$1048576,MATCH(M$1,raw_data!$1:$1,0),FALSE),0) -> 0.98663926 | N26: =IFERROR(VLOOKUP($F26,raw_data!$1:$1048576,MATCH(N$1,raw_data!$1:$1,0),FALSE),0) -> 0.97699758 | O26: =IFERROR(VLOOKUP($F26,raw_data!$1:$1048576,MATCH(O$1,raw_data!$1:$1,0),FALSE),0) -> 0.98248687 | P26: =IFERROR(VLOOKUP($F26,raw_data!$1:$1048576,MATCH(P$1,raw_data!$1:$1,0),FALSE),0) -> 0.96821121 | Q26: =IFERROR(VLOOKUP($F26,raw_data!$1:$1048576,MATCH(Q$1,raw_data!$1:$1,0),FALSE),0) -> 0.97795149 | R26: =G26 -> 0.96228921 | S26: =R26 -> 0.96228921 | T26: =S26 -> 0.96228921 | U26: =T26 -> 0.96228921 | V26: =U26 -> 0.96228921 | W26: =V26 -> 0.96228921 | X26: =W26 -> 0.96228921 | Y26: =X26 -> 0.96228921 | Z26: =Y26 -> 0.96228921 | ... AU26: =AT26 -> 0.96228921
C27: =C139&"FleetMix📝" -> (Regional Jets급)FleetMix📝 | D27: percent1 | E27: O | F27: =C139&"혼합율" -> (Regional Jets급)혼합율 | G27: =IFERROR(SUMIF($H$148:$Q$148,"O",H27:Q27)/COUNTIFS($H$148:$Q$148,"O",H27:Q27,"<>0"),0) -> 0.0012026458 | H27: =VLOOKUP($F27,raw_data!$1:$1048576,MATCH(H$1,raw_data!$1:$1,0),FALSE) -> 0 | I27: =VLOOKUP($F27,raw_data!$1:$1048576,MATCH(I$1,raw_data!$1:$1,0),FALSE) -> 0 | J27: =VLOOKUP($F27,raw_data!$1:$1048576,MATCH(J$1,raw_data!$1:$1,0),FALSE) -> 0 | K27: =VLOOKUP($F27,raw_data!$1:$1048576,MATCH(K$1,raw_data!$1:$1,0),FALSE) -> 0 | L27: =IFERROR(VLOOKUP($F27,raw_data!$1:$1048576,MATCH(L$1,raw_data!$1:$1,0),FALSE),0) -> 0 | M27: =IFERROR(VLOOKUP($F27,raw_data!$1:$1048576,MATCH(M$1,raw_data!$1:$1,0),FALSE),0) -> 0 | N27: =IFERROR(VLOOKUP($F27,raw_data!$1:$1048576,MATCH(N$1,raw_data!$1:$1,0),FALSE),0) -> 0 | O27: =IFERROR(VLOOKUP($F27,raw_data!$1:$1048576,MATCH(O$1,raw_data!$1:$1,0),FALSE),0) -> 0 | P27: =IFERROR(VLOOKUP($F27,raw_data!$1:$1048576,MATCH(P$1,raw_data!$1:$1,0),FALSE),0) -> 0.0005387931 | Q27: =IFERROR(VLOOKUP($F27,raw_data!$1:$1048576,MATCH(Q$1,raw_data!$1:$1,0),FALSE),0) -> 0.0012026458 | R27: =G27 -> 0.0012026458 | S27: =R27 -> 0.0012026458 | T27: =S27 -> 0.0012026458 | U27: =T27 -> 0.0012026458 | V27: =U27 -> 0.0012026458 | W27: =V27 -> 0.0012026458 | X27: =W27 -> 0.0012026458 | Y27: =X27 -> 0.0012026458 | Z27: =Y27 -> 0.0012026458 | ... AU27: =AT27 -> 0.0012026458
C28: =C140&"FleetMix📝" -> (Business Jets급)FleetMix📝 | D28: percent1 | E28: O | F28: =C140&"혼합율" -> (Business Jets급)혼합율 | G28: =IFERROR(SUMIF($H$148:$Q$148,"O",H28:Q28)/COUNTIFS($H$148:$Q$148,"O",H28:Q28,"<>0"),0) -> 0 | H28: =IFERROR(VLOOKUP($F28,raw_data!$1:$1048576,MATCH(H$1,raw_data!$1:$1,0),FALSE),0) -> 0 | I28: =IFERROR(VLOOKUP($F28,raw_data!$1:$1048576,MATCH(I$1,raw_data!$1:$1,0),FALSE),0) -> 0 | J28: =IFERROR(VLOOKUP($F28,raw_data!$1:$1048576,MATCH(J$1,raw_data!$1:$1,0),FALSE),0) -> 0 | K28: =IFERROR(VLOOKUP($F28,raw_data!$1:$1048576,MATCH(K$1,raw_data!$1:$1,0),FALSE),0) -> 0 | L28: =IFERROR(VLOOKUP($F28,raw_data!$1:$1048576,MATCH(L$1,raw_data!$1:$1,0),FALSE),0) -> 0 | M28: =IFERROR(VLOOKUP($F28,raw_data!$1:$1048576,MATCH(M$1,raw_data!$1:$1,0),FALSE),0) -> 0 | N28: =IFERROR(VLOOKUP($F28,raw_data!$1:$1048576,MATCH(N$1,raw_data!$1:$1,0),FALSE),0) -> 0 | O28: =IFERROR(VLOOKUP($F28,raw_data!$1:$1048576,MATCH(O$1,raw_data!$1:$1,0),FALSE),0) -> 0 | ... Q28: =IFERROR(VLOOKUP($F28,raw_data!$1:$1048576,MATCH(Q$1,raw_data!$1:$1,0),FALSE),0) -> 0 | R28: =G28 -> 0 | S28: =R28 -> 0 | T28: =S28 -> 0 | U28: =T28 -> 0 | V28: =U28 -> 0 | W28: =V28 -> 0 | X28: =W28 -> 0 | Y28: =X28 -> 0 | Z28: =Y28 -> 0 | ... AU28: =AT28 -> 0
B29: Movements by Class | C29: =C137&"Movements" -> (Widebody Jets급)Movements | D29: float0 | F29: =C137&"운항횟수" -> (Widebody Jets급)운항횟수 | H29: =VLOOKUP($F29,raw_data!$1:$1048576,MATCH(H$1,raw_data!$1:$1,0),FALSE) -> 44 | I29: =VLOOKUP($F29,raw_data!$1:$1048576,MATCH(I$1,raw_data!$1:$1,0),FALSE) -> 109 | J29: =VLOOKUP($F29,raw_data!$1:$1048576,MATCH(J$1,raw_data!$1:$1,0),FALSE) -> 82 | K29: =VLOOKUP($F29,raw_data!$1:$1048576,MATCH(K$1,raw_data!$1:$1,0),FALSE) -> 97 | L29: =IFERROR(VLOOKUP($F29,raw_data!$1:$1048576,MATCH(L$1,raw_data!$1:$1,0),FALSE),0) -> 182 | M29: =IFERROR(VLOOKUP($F29,raw_data!$1:$1048576,MATCH(M$1,raw_data!$1:$1,0),FALSE),0) -> 13 | N29: =IFERROR(VLOOKUP($F29,raw_data!$1:$1048576,MATCH(N$1,raw_data!$1:$1,0),FALSE),0) -> 57 | O29: =IFERROR(VLOOKUP($F29,raw_data!$1:$1048576,MATCH(O$1,raw_data!$1:$1,0),FALSE),0) -> 70 | P29: =IFERROR(VLOOKUP($F29,raw_data!$1:$1048576,MATCH(P$1,raw_data!$1:$1,0),FALSE),0) -> 116 | Q29: =IFERROR(VLOOKUP($F29,raw_data!$1:$1048576,MATCH(Q$1,raw_data!$1:$1,0),FALSE),0) -> 104 | R29: =R20*R25 -> 202.06611 | S29: =S20*S25 -> 223.03018 | T29: =T20*T25 -> 247.05269 | U29: =U20*U25 -> 272.3602 | V29: =V20*V25 -> 299.94933 | W29: =W20*W25 -> 331.7216 | X29: =X20*X25 -> 360.00905 | Y29: =Y20*Y25 -> 391.74414 | ... AU29: =AU20*AU25 -> 1309.6042
C30: =C138&"Movements" -> (Narrowbody Jets급)Movements | D30: float0 | F30: =C138&"운항횟수" -> (Narrowbody Jets급)운항횟수 | H30: =VLOOKUP($F30,raw_data!$1:$1048576,MATCH(H$1,raw_data!$1:$1,0),FALSE) -> 2791 | I30: =VLOOKUP($F30,raw_data!$1:$1048576,MATCH(I$1,raw_data!$1:$1,0),FALSE) -> 2662 | J30: =VLOOKUP($F30,raw_data!$1:$1048576,MATCH(J$1,raw_data!$1:$1,0),FALSE) -> 2944 | K30: =VLOOKUP($F30,raw_data!$1:$1048576,MATCH(K$1,raw_data!$1:$1,0),FALSE) -> 2694 | L30: =IFERROR(VLOOKUP($F30,raw_data!$1:$1048576,MATCH(L$1,raw_data!$1:$1,0),FALSE),0) -> 3049 | M30: =IFERROR(VLOOKUP($F30,raw_data!$1:$1048576,MATCH(M$1,raw_data!$1:$1,0),FALSE),0) -> 960 | N30: =IFERROR(VLOOKUP($F30,raw_data!$1:$1048576,MATCH(N$1,raw_data!$1:$1,0),FALSE),0) -> 2421 | O30: =IFERROR(VLOOKUP($F30,raw_data!$1:$1048576,MATCH(O$1,raw_data!$1:$1,0),FALSE),0) -> 3927 | P30: =IFERROR(VLOOKUP($F30,raw_data!$1:$1048576,MATCH(P$1,raw_data!$1:$1,0),FALSE),0) -> 3594 | Q30: =IFERROR(VLOOKUP($F30,raw_data!$1:$1048576,MATCH(Q$1,raw_data!$1:$1,0),FALSE),0) -> 4879 | R30: =R20*R26 -> 5211.6455 | S30: =S20*S26 -> 5752.3462 | T30: =T20*T26 -> 6371.9295 | U30: =U20*U26 -> 7024.6552 | V30: =V20*V26 -> 7736.2282 | W30: =W20*W26 -> 8555.6917 | X30: =X20*X26 -> 9285.2755 | Y30: =Y20*Y26 -> 10103.78 | ... AU30: =AU20*AU26 -> 33777.029
C31: =C139&"Movements" -> (Regional Jets급)Movements | D31: float0 | F31: =C139&"운항횟수" -> (Regional Jets급)운항횟수 | H31: =VLOOKUP($F31,raw_data!$1:$1048576,MATCH(H$1,raw_data!$1:$1,0),FALSE) -> 0 | I31: =VLOOKUP($F31,raw_data!$1:$1048576,MATCH(I$1,raw_data!$1:$1,0),FALSE) -> 0 | J31: =VLOOKUP($F31,raw_data!$1:$1048576,MATCH(J$1,raw_data!$1:$1,0),FALSE) -> 0 | K31: =VLOOKUP($F31,raw_data!$1:$1048576,MATCH(K$1,raw_data!$1:$1,0),FALSE) -> 0 | L31: =IFERROR(VLOOKUP($F31,raw_data!$1:$1048576,MATCH(L$1,raw_data!$1:$1,0),FALSE),0) -> 0 | M31: =IFERROR(VLOOKUP($F31,raw_data!$1:$1048576,MATCH(M$1,raw_data!$1:$1,0),FALSE),0) -> 0 | N31: =IFERROR(VLOOKUP($F31,raw_data!$1:$1048576,MATCH(N$1,raw_data!$1:$1,0),FALSE),0) -> 0 | O31: =IFERROR(VLOOKUP($F31,raw_data!$1:$1048576,MATCH(O$1,raw_data!$1:$1,0),FALSE),0) -> 0 | P31: =IFERROR(VLOOKUP($F31,raw_data!$1:$1048576,MATCH(P$1,raw_data!$1:$1,0),FALSE),0) -> 2 | Q31: =IFERROR(VLOOKUP($F31,raw_data!$1:$1048576,MATCH(Q$1,raw_data!$1:$1,0),FALSE),0) -> 6 | R31: =R20*R27 -> 6.5133887 | S31: =S20*S27 -> 7.1891434 | T31: =T20*T27 -> 7.9634837 | U31: =U20*U27 -> 8.7792446 | V31: =V20*V27 -> 9.6685513 | W31: =W20*W27 -> 10.692697 | X31: =X20*X27 -> 11.604513 | Y31: =Y20*Y27 -> 12.627461 | ... AU31: =AU20*AU27 -> 42.213716
C32: =C140&"Movements" -> (Business Jets급)Movements | D32: float0 | F32: =C140&"운항횟수" -> (Business Jets급)운항횟수 | H32: =IFERROR(VLOOKUP($F32,raw_data!$1:$1048576,MATCH(H$1,raw_data!$1:$1,0),FALSE),0) -> 0 | I32: =IFERROR(VLOOKUP($F32,raw_data!$1:$1048576,MATCH(I$1,raw_data!$1:$1,0),FALSE),0) -> 0 | J32: =IFERROR(VLOOKUP($F32,raw_data!$1:$1048576,MATCH(J$1,raw_data!$1:$1,0),FALSE),0) -> 0 | K32: =IFERROR(VLOOKUP($F32,raw_data!$1:$1048576,MATCH(K$1,raw_data!$1:$1,0),FALSE),0) -> 0 | L32: =IFERROR(VLOOKUP($F32,raw_data!$1:$1048576,MATCH(L$1,raw_data!$1:$1,0),FALSE),0) -> 0 | M32: =IFERROR(VLOOKUP($F32,raw_data!$1:$1048576,MATCH(M$1,raw_data!$1:$1,0),FALSE),0) -> 0 | N32: =IFERROR(VLOOKUP($F32,raw_data!$1:$1048576,MATCH(N$1,raw_data!$1:$1,0),FALSE),0) -> 0 | O32: =IFERROR(VLOOKUP($F32,raw_data!$1:$1048576,MATCH(O$1,raw_data!$1:$1,0),FALSE),0) -> 0 | ... Q32: =IFERROR(VLOOKUP($F32,raw_data!$1:$1048576,MATCH(Q$1,raw_data!$1:$1,0),FALSE),0) -> 0 | R32: =R20*R28 -> 0 | S32: =S20*S28 -> 0 | T32: =T20*T28 -> 0 | U32: =U20*U28 -> 0 | V32: =V20*V28 -> 0 | W32: =W20*W28 -> 0 | X32: =X20*X28 -> 0 | Y32: =Y20*Y28 -> 0 | ... AU32: =AU20*AU28 -> 0
B33: MTOW by Class | C33: =C137&"MTOW" -> (Widebody Jets급)MTOW | D33: float0 | F33: =C137&"대당최대이륙중량" -> (Widebody Jets급)대당최대이륙중량 | G33: =IFERROR(SUMIF($H$158:$Q$158,"O",H33:Q33)/COUNTIFS($H$158:$Q$158,"O",H33:Q33,"<>0"),0) -> 431754.33 | H33: =VLOOKUP($F33,raw_data!$1:$1048576,MATCH(H$1,raw_data!$1:$1,0),FALSE) -> 398545.45 | I33: =VLOOKUP($F33,raw_data!$1:$1048576,MATCH(I$1,raw_data!$1:$1,0),FALSE) -> 448311.93 | J33: =VLOOKUP($F33,raw_data!$1:$1048576,MATCH(J$1,raw_data!$1:$1,0),FALSE) -> 434536.59 | K33: =VLOOKUP($F33,raw_data!$1:$1048576,MATCH(K$1,raw_data!$1:$1,0),FALSE) -> 412927.84 | L33: =VLOOKUP($F33,raw_data!$1:$1048576,MATCH(L$1,raw_data!$1:$1,0),FALSE) -> 408835.16 | M33: =VLOOKUP($F33,raw_data!$1:$1048576,MATCH(M$1,raw_data!$1:$1,0),FALSE) -> 374000 | N33: =VLOOKUP($F33,raw_data!$1:$1048576,MATCH(N$1,raw_data!$1:$1,0),FALSE) -> 391438.6 | O33: =VLOOKUP($F33,raw_data!$1:$1048576,MATCH(O$1,raw_data!$1:$1,0),FALSE) -> 377771.43 | ... Q33: =VLOOKUP($F33,raw_data!$1:$1048576,MATCH(Q$1,raw_data!$1:$1,0),FALSE) -> 473500 | R33: =G33 -> 431754.33 | S33: =R33 -> 431754.33 | T33: =S33 -> 431754.33 | U33: =T33 -> 431754.33 | V33: =U33 -> 431754.33 | W33: =V33 -> 431754.33 | X33: =W33 -> 431754.33 | Y33: =X33 -> 431754.33 | Z33: =Y33 -> 431754.33 | ... AU33: =AT33 -> 431754.33
C34: =C138&"MTOW" -> (Narrowbody Jets급)MTOW | D34: float0 | F34: =C138&"대당최대이륙중량" -> (Narrowbody Jets급)대당최대이륙중량 | G34: =IFERROR(SUMIF($H$158:$Q$158,"O",H34:Q34)/COUNTIFS($H$158:$Q$158,"O",H34:Q34,"<>0"),0) -> 160862.15 | H34: =VLOOKUP($F34,raw_data!$1:$1048576,MATCH(H$1,raw_data!$1:$1,0),FALSE) -> 138341.81 | I34: =VLOOKUP($F34,raw_data!$1:$1048576,MATCH(I$1,raw_data!$1:$1,0),FALSE) -> 133238.17 | J34: =VLOOKUP($F34,raw_data!$1:$1048576,MATCH(J$1,raw_data!$1:$1,0),FALSE) -> 127570.65 | K34: =VLOOKUP($F34,raw_data!$1:$1048576,MATCH(K$1,raw_data!$1:$1,0),FALSE) -> 164580.55 | L34: =VLOOKUP($F34,raw_data!$1:$1048576,MATCH(L$1,raw_data!$1:$1,0),FALSE) -> 172663.82 | M34: =VLOOKUP($F34,raw_data!$1:$1048576,MATCH(M$1,raw_data!$1:$1,0),FALSE) -> 170662.5 | N34: =VLOOKUP($F34,raw_data!$1:$1048576,MATCH(N$1,raw_data!$1:$1,0),FALSE) -> 163061.54 | O34: =VLOOKUP($F34,raw_data!$1:$1048576,MATCH(O$1,raw_data!$1:$1,0),FALSE) -> 150595.87 | ... Q34: =VLOOKUP($F34,raw_data!$1:$1048576,MATCH(Q$1,raw_data!$1:$1,0),FALSE) -> 145342.08 | R34: =G34 -> 160862.15 | S34: =R34 -> 160862.15 | T34: =S34 -> 160862.15 | U34: =T34 -> 160862.15 | V34: =U34 -> 160862.15 | W34: =V34 -> 160862.15 | X34: =W34 -> 160862.15 | Y34: =X34 -> 160862.15 | Z34: =Y34 -> 160862.15 | ... AU34: =AT34 -> 160862.15
C35: =C139&"MTOW" -> (Regional Jets급)MTOW | D35: float0 | F35: =C139&"대당최대이륙중량" -> (Regional Jets급)대당최대이륙중량 | G35: =IFERROR(SUMIF($H$158:$Q$158,"O",H35:Q35)/COUNTIFS($H$158:$Q$158,"O",H35:Q35,"<>0"),0) -> 110000 | H35: =VLOOKUP($F35,raw_data!$1:$1048576,MATCH(H$1,raw_data!$1:$1,0),FALSE) -> 0 | I35: =VLOOKUP($F35,raw_data!$1:$1048576,MATCH(I$1,raw_data!$1:$1,0),FALSE) -> 0 | J35: =VLOOKUP($F35,raw_data!$1:$1048576,MATCH(J$1,raw_data!$1:$1,0),FALSE) -> 0 | K35: =VLOOKUP($F35,raw_data!$1:$1048576,MATCH(K$1,raw_data!$1:$1,0),FALSE) -> 0 | L35: =VLOOKUP($F35,raw_data!$1:$1048576,MATCH(L$1,raw_data!$1:$1,0),FALSE) -> 0 | M35: =VLOOKUP($F35,raw_data!$1:$1048576,MATCH(M$1,raw_data!$1:$1,0),FALSE) -> 0 | N35: =VLOOKUP($F35,raw_data!$1:$1048576,MATCH(N$1,raw_data!$1:$1,0),FALSE) -> 0 | O35: =VLOOKUP($F35,raw_data!$1:$1048576,MATCH(O$1,raw_data!$1:$1,0),FALSE) -> 0 | ... Q35: =VLOOKUP($F35,raw_data!$1:$1048576,MATCH(Q$1,raw_data!$1:$1,0),FALSE) -> 110000 | R35: =G35 -> 110000 | S35: =R35 -> 110000 | T35: =S35 -> 110000 | U35: =T35 -> 110000 | V35: =U35 -> 110000 | W35: =V35 -> 110000 | X35: =W35 -> 110000 | Y35: =X35 -> 110000 | Z35: =Y35 -> 110000 | ... AU35: =AT35 -> 110000
C36: =C140&"MTOW" -> (Business Jets급)MTOW | D36: float0 | F36: =C140&"대당최대이륙중량" -> (Business Jets급)대당최대이륙중량 | G36: =IFERROR(SUMIF($H$158:$Q$158,"O",H36:Q36)/COUNTIFS($H$158:$Q$158,"O",H36:Q36,"<>0"),0) -> 0 | R36: =G36 -> 0 | S36: =R36 -> 0 | T36: =S36 -> 0 | U36: =T36 -> 0 | V36: =U36 -> 0 | W36: =V36 -> 0 | X36: =W36 -> 0 | Y36: =X36 -> 0 | Z36: =Y36 -> 0 | ... AU36: =AT36 -> 0
B37: Seats by Class | C37: =C137&"Seats" -> (Widebody Jets급)Seats | D37: float0 | F37: =C137&"대당좌석수" -> (Widebody Jets급)대당좌석수 | G37: =IFERROR(SUMIF($H$149:$Q$149,"O",H37:Q37)/COUNTIFS($H$149:$Q$149,"O",H37:Q37,"<>0"),0) -> 257.59264 | H37: =VLOOKUP($F37,raw_data!$1:$1048576,MATCH(H$1,raw_data!$1:$1,0),FALSE) -> 237.38636 | I37: =VLOOKUP($F37,raw_data!$1:$1048576,MATCH(I$1,raw_data!$1:$1,0),FALSE) -> 248.86239 | J37: =VLOOKUP($F37,raw_data!$1:$1048576,MATCH(J$1,raw_data!$1:$1,0),FALSE) -> 249.46341 | K37: =VLOOKUP($F37,raw_data!$1:$1048576,MATCH(K$1,raw_data!$1:$1,0),FALSE) -> 253.63918 | L37: =VLOOKUP($F37,raw_data!$1:$1048576,MATCH(L$1,raw_data!$1:$1,0),FALSE) -> 251.45604 | M37: =VLOOKUP($F37,raw_data!$1:$1048576,MATCH(M$1,raw_data!$1:$1,0),FALSE) -> 248.07692 | N37: =VLOOKUP($F37,raw_data!$1:$1048576,MATCH(N$1,raw_data!$1:$1,0),FALSE) -> 261.40351 | O37: =VLOOKUP($F37,raw_data!$1:$1048576,MATCH(O$1,raw_data!$1:$1,0),FALSE) -> 258.05714 | ... Q37: =VLOOKUP($F37,raw_data!$1:$1048576,MATCH(Q$1,raw_data!$1:$1,0),FALSE) -> 267.68269 | R37: =G37 -> 257.59264 | S37: =R37 -> 257.59264 | T37: =S37 -> 257.59264 | U37: =T37 -> 257.59264 | V37: =U37 -> 257.59264 | W37: =V37 -> 257.59264 | X37: =W37 -> 257.59264 | Y37: =X37 -> 257.59264 | Z37: =Y37 -> 257.59264 | ... AU37: =AT37 -> 257.59264
C38: =C138&"Seats" -> (Narrowbody Jets급)Seats | D38: float0 | F38: =C138&"대당좌석수" -> (Narrowbody Jets급)대당좌석수 | G38: =IFERROR(SUMIF($H$149:$Q$149,"O",H38:Q38)/COUNTIFS($H$149:$Q$149,"O",H38:Q38,"<>0"),0) -> 158.57558 | H38: =VLOOKUP($F38,raw_data!$1:$1048576,MATCH(H$1,raw_data!$1:$1,0),FALSE) -> 129.81799 | I38: =VLOOKUP($F38,raw_data!$1:$1048576,MATCH(I$1,raw_data!$1:$1,0),FALSE) -> 125.85011 | J38: =VLOOKUP($F38,raw_data!$1:$1048576,MATCH(J$1,raw_data!$1:$1,0),FALSE) -> 121.13451 | K38: =VLOOKUP($F38,raw_data!$1:$1048576,MATCH(K$1,raw_data!$1:$1,0),FALSE) -> 158.29399 | L38: =VLOOKUP($F38,raw_data!$1:$1048576,MATCH(L$1,raw_data!$1:$1,0),FALSE) -> 161.68711 | M38: =VLOOKUP($F38,raw_data!$1:$1048576,MATCH(M$1,raw_data!$1:$1,0),FALSE) -> 163.43229 | N38: =VLOOKUP($F38,raw_data!$1:$1048576,MATCH(N$1,raw_data!$1:$1,0),FALSE) -> 164.03511 | O38: =VLOOKUP($F38,raw_data!$1:$1048576,MATCH(O$1,raw_data!$1:$1,0),FALSE) -> 150.26076 | ... Q38: =VLOOKUP($F38,raw_data!$1:$1048576,MATCH(Q$1,raw_data!$1:$1,0),FALSE) -> 155.74564 | R38: =G38 -> 158.57558 | S38: =R38 -> 158.57558 | T38: =S38 -> 158.57558 | U38: =T38 -> 158.57558 | V38: =U38 -> 158.57558 | W38: =V38 -> 158.57558 | X38: =W38 -> 158.57558 | Y38: =X38 -> 158.57558 | Z38: =Y38 -> 158.57558 | ... AU38: =AT38 -> 158.57558
C39: =C139&"Seats" -> (Regional Jets급)Seats | D39: float0 | F39: =C139&"대당좌석수" -> (Regional Jets급)대당좌석수 | G39: =IFERROR(SUMIF($H$149:$Q$149,"O",H39:Q39)/COUNTIFS($H$149:$Q$149,"O",H39:Q39,"<>0"),0) -> 106 | H39: =VLOOKUP($F39,raw_data!$1:$1048576,MATCH(H$1,raw_data!$1:$1,0),FALSE) -> 0 | I39: =VLOOKUP($F39,raw_data!$1:$1048576,MATCH(I$1,raw_data!$1:$1,0),FALSE) -> 0 | J39: =VLOOKUP($F39,raw_data!$1:$1048576,MATCH(J$1,raw_data!$1:$1,0),FALSE) -> 0 | K39: =VLOOKUP($F39,raw_data!$1:$1048576,MATCH(K$1,raw_data!$1:$1,0),FALSE) -> 0 | L39: =VLOOKUP($F39,raw_data!$1:$1048576,MATCH(L$1,raw_data!$1:$1,0),FALSE) -> 0 | M39: =VLOOKUP($F39,raw_data!$1:$1048576,MATCH(M$1,raw_data!$1:$1,0),FALSE) -> 0 | N39: =VLOOKUP($F39,raw_data!$1:$1048576,MATCH(N$1,raw_data!$1:$1,0),FALSE) -> 0 | O39: =VLOOKUP($F39,raw_data!$1:$1048576,MATCH(O$1,raw_data!$1:$1,0),FALSE) -> 0 | ... Q39: =VLOOKUP($F39,raw_data!$1:$1048576,MATCH(Q$1,raw_data!$1:$1,0),FALSE) -> 106 | R39: =G39 -> 106 | S39: =R39 -> 106 | T39: =S39 -> 106 | U39: =T39 -> 106 | V39: =U39 -> 106 | W39: =V39 -> 106 | X39: =W39 -> 106 | Y39: =X39 -> 106 | Z39: =Y39 -> 106 | ... AU39: =AT39 -> 106
C40: =C140&"Seats" -> (Business Jets급)Seats | D40: float0 | F40: =C140&"대당좌석수" -> (Business Jets급)대당좌석수 | G40: =IFERROR(SUMIF($H$149:$Q$149,"O",H40:Q40)/COUNTIFS($H$149:$Q$149,"O",H40:Q40,"<>0"),0) -> 0 | R40: =G40 -> 0 | S40: =R40 -> 0 | T40: =S40 -> 0 | U40: =T40 -> 0 | V40: =U40 -> 0 | W40: =V40 -> 0 | X40: =W40 -> 0 | Y40: =X40 -> 0 | Z40: =Y40 -> 0 | ... AU40: =AT40 -> 0
B41: Load Factor by Class | C41: Load Factor Adjustment By Class | D41: percent1 | R41: =R2/SUMPRODUCT(R29:R32,R37:R40,$G42:$G45) -> 0.99958214 | S41: =S2/SUMPRODUCT(S29:S32,S37:S40,$G42:$G45) -> 0.99958214 | T41: =T2/SUMPRODUCT(T29:T32,T37:T40,$G42:$G45) -> 0.99958214 | U41: =U2/SUMPRODUCT(U29:U32,U37:U40,$G42:$G45) -> 0.99958214 | V41: =V2/SUMPRODUCT(V29:V32,V37:V40,$G42:$G45) -> 0.99958214 | W41: =W2/SUMPRODUCT(W29:W32,W37:W40,$G42:$G45) -> 0.99958214 | X41: =X2/SUMPRODUCT(X29:X32,X37:X40,$G42:$G45) -> 0.99958214 | Y41: =Y2/SUMPRODUCT(Y29:Y32,Y37:Y40,$G42:$G45) -> 0.99958214 | ... AU41: =AU2/SUMPRODUCT(AU29:AU32,AU37:AU40,$G42:$G45) -> 0.99958214
C42: =C137&"Load Factor" -> (Widebody Jets급)Load Factor | D42: percent1 | F42: =C137&"탑승율" -> (Widebody Jets급)탑승율 | G42: =IFERROR(SUMIF($H$150:$Q$150,"O",H42:Q42)/COUNTIFS($H$150:$Q$150,"O",H42:Q42,"<>0"),0) -> 0.65511086 | H42: =VLOOKUP($F42,raw_data!$1:$1048576,MATCH(H$1,raw_data!$1:$1,0),FALSE) -> 0.80890378 | I42: =VLOOKUP($F42,raw_data!$1:$1048576,MATCH(I$1,raw_data!$1:$1,0),FALSE) -> 0.76207329 | J42: =VLOOKUP($F42,raw_data!$1:$1048576,MATCH(J$1,raw_data!$1:$1,0),FALSE) -> 0.73636097 | K42: =VLOOKUP($F42,raw_data!$1:$1048576,MATCH(K$1,raw_data!$1:$1,0),FALSE) -> 0.64626265 | L42: =VLOOKUP($F42,raw_data!$1:$1048576,MATCH(L$1,raw_data!$1:$1,0),FALSE) -> 0.64523107 | M42: =VLOOKUP($F42,raw_data!$1:$1048576,MATCH(M$1,raw_data!$1:$1,0),FALSE) -> 0.73085271 | N42: =VLOOKUP($F42,raw_data!$1:$1048576,MATCH(N$1,raw_data!$1:$1,0),FALSE) -> 0.71597315 | O42: =VLOOKUP($F42,raw_data!$1:$1048576,MATCH(O$1,raw_data!$1:$1,0),FALSE) -> 0.80148361 | ... Q42: =VLOOKUP($F42,raw_data!$1:$1048576,MATCH(Q$1,raw_data!$1:$1,0),FALSE) -> 0.67383886 | R42: =$G42*R$41 -> 0.65483712 | S42: =$G42*S$41 -> 0.65483712 | T42: =$G42*T$41 -> 0.65483712 | U42: =$G42*U$41 -> 0.65483712 | V42: =$G42*V$41 -> 0.65483712 | W42: =$G42*W$41 -> 0.65483712 | X42: =$G42*X$41 -> 0.65483712 | Y42: =$G42*Y$41 -> 0.65483712 | ... AU42: =$G42*AU$41 -> 0.65483712
C43: =C138&"Load Factor" -> (Narrowbody Jets급)Load Factor | D43: percent1 | F43: =C138&"탑승율" -> (Narrowbody Jets급)탑승율 | G43: =IFERROR(SUMIF($H$150:$Q$150,"O",H43:Q43)/COUNTIFS($H$150:$Q$150,"O",H43:Q43,"<>0"),0) -> 0.79424083 | H43: =VLOOKUP($F43,raw_data!$1:$1048576,MATCH(H$1,raw_data!$1:$1,0),FALSE) -> 0.85310856 | I43: =VLOOKUP($F43,raw_data!$1:$1048576,MATCH(I$1,raw_data!$1:$1,0),FALSE) -> 0.82299194 | J43: =VLOOKUP($F43,raw_data!$1:$1048576,MATCH(J$1,raw_data!$1:$1,0),FALSE) -> 0.8004767 | K43: =VLOOKUP($F43,raw_data!$1:$1048576,MATCH(K$1,raw_data!$1:$1,0),FALSE) -> 0.80891512 | L43: =VLOOKUP($F43,raw_data!$1:$1048576,MATCH(L$1,raw_data!$1:$1,0),FALSE) -> 0.80744203 | M43: =VLOOKUP($F43,raw_data!$1:$1048576,MATCH(M$1,raw_data!$1:$1,0),FALSE) -> 0.74954587 | N43: =VLOOKUP($F43,raw_data!$1:$1048576,MATCH(N$1,raw_data!$1:$1,0),FALSE) -> 0.81984192 | O43: =VLOOKUP($F43,raw_data!$1:$1048576,MATCH(O$1,raw_data!$1:$1,0),FALSE) -> 0.82793175 | ... Q43: =VLOOKUP($F43,raw_data!$1:$1048576,MATCH(Q$1,raw_data!$1:$1,0),FALSE) -> 0.76636535 | R43: =$G43*R$41 -> 0.79390895 | S43: =$G43*S$41 -> 0.79390895 | T43: =$G43*T$41 -> 0.79390895 | U43: =$G43*U$41 -> 0.79390895 | V43: =$G43*V$41 -> 0.79390895 | W43: =$G43*W$41 -> 0.79390895 | X43: =$G43*X$41 -> 0.79390895 | Y43: =$G43*Y$41 -> 0.79390895 | ... AU43: =$G43*AU$41 -> 0.79390895
C44: =C139&"Load Factor" -> (Regional Jets급)Load Factor | D44: percent1 | F44: =C139&"탑승율" -> (Regional Jets급)탑승율 | G44: =IFERROR(SUMIF($H$150:$Q$150,"O",H44:Q44)/COUNTIFS($H$150:$Q$150,"O",H44:Q44,"<>0"),0) -> 0.66509434 | H44: =VLOOKUP($F44,raw_data!$1:$1048576,MATCH(H$1,raw_data!$1:$1,0),FALSE) -> 0 | I44: =VLOOKUP($F44,raw_data!$1:$1048576,MATCH(I$1,raw_data!$1:$1,0),FALSE) -> 0 | J44: =VLOOKUP($F44,raw_data!$1:$1048576,MATCH(J$1,raw_data!$1:$1,0),FALSE) -> 0 | K44: =VLOOKUP($F44,raw_data!$1:$1048576,MATCH(K$1,raw_data!$1:$1,0),FALSE) -> 0 | L44: =VLOOKUP($F44,raw_data!$1:$1048576,MATCH(L$1,raw_data!$1:$1,0),FALSE) -> 0 | M44: =VLOOKUP($F44,raw_data!$1:$1048576,MATCH(M$1,raw_data!$1:$1,0),FALSE) -> 0 | N44: =VLOOKUP($F44,raw_data!$1:$1048576,MATCH(N$1,raw_data!$1:$1,0),FALSE) -> 0 | O44: =VLOOKUP($F44,raw_data!$1:$1048576,MATCH(O$1,raw_data!$1:$1,0),FALSE) -> 0 | ... Q44: =VLOOKUP($F44,raw_data!$1:$1048576,MATCH(Q$1,raw_data!$1:$1,0),FALSE) -> 0.66509434 | R44: =$G44*R$41 -> 0.66481642 | S44: =$G44*S$41 -> 0.66481642 | T44: =$G44*T$41 -> 0.66481642 | U44: =$G44*U$41 -> 0.66481642 | V44: =$G44*V$41 -> 0.66481642 | W44: =$G44*W$41 -> 0.66481642 | X44: =$G44*X$41 -> 0.66481642 | Y44: =$G44*Y$41 -> 0.66481642 | ... AU44: =$G44*AU$41 -> 0.66481642
C45: =C140&"Load Factor" -> (Business Jets급)Load Factor | D45: percent1 | F45: =C140&"탑승율" -> (Business Jets급)탑승율 | G45: =IFERROR(SUMIF($H$150:$Q$150,"O",H45:Q45)/COUNTIFS($H$150:$Q$150,"O",H45:Q45,"<>0"),0) -> 0 | R45: =$G45*R$41 -> 0 | S45: =$G45*S$41 -> 0 | T45: =$G45*T$41 -> 0 | U45: =$G45*U$41 -> 0 | V45: =$G45*V$41 -> 0 | W45: =$G45*W$41 -> 0 | X45: =$G45*X$41 -> 0 | Y45: =$G45*Y$41 -> 0 | ... AU45: =$G45*AU$41 -> 0
B46: transfer ratio by Class | C46: Transfer Rate Adjustment By Class | D46: percent1 | R46: =R16/SUMPRODUCT(R29:R32,R37:R40,R42:R45,$G47:$G50) -> 1.0001829 | S46: =S16/SUMPRODUCT(S29:S32,S37:S40,S42:S45,$G47:$G50) -> 1.0001829 | T46: =T16/SUMPRODUCT(T29:T32,T37:T40,T42:T45,$G47:$G50) -> 1.0001829 | U46: =U16/SUMPRODUCT(U29:U32,U37:U40,U42:U45,$G47:$G50) -> 1.0001829 | V46: =V16/SUMPRODUCT(V29:V32,V37:V40,V42:V45,$G47:$G50) -> 1.0001829 | W46: =W16/SUMPRODUCT(W29:W32,W37:W40,W42:W45,$G47:$G50) -> 1.0001829 | X46: =X16/SUMPRODUCT(X29:X32,X37:X40,X42:X45,$G47:$G50) -> 1.0001829 | Y46: =Y16/SUMPRODUCT(Y29:Y32,Y37:Y40,Y42:Y45,$G47:$G50) -> 1.0001829 | ... AU46: =AU16/SUMPRODUCT(AU29:AU32,AU37:AU40,AU42:AU45,$G47:$G50) -> 1.0001829
C47: =C137&"Transfer Rate" -> (Widebody Jets급)Transfer Rate | D47: percent1 | F47: =C137&"환승율" -> (Widebody Jets급)환승율 | G47: =IFERROR(SUMIF($H$151:$Q$151,"O",H47:Q47)/COUNTIFS($H$151:$Q$151,"O",H47:Q47,"<>0"),0) -> 0.02703531 | H47: =VLOOKUP($F47,raw_data!$1:$1048576,MATCH(H$1,raw_data!$1:$1,0),FALSE) -> 0.080246183 | I47: =VLOOKUP($F47,raw_data!$1:$1048576,MATCH(I$1,raw_data!$1:$1,0),FALSE) -> 0.049245356 | J47: =VLOOKUP($F47,raw_data!$1:$1048576,MATCH(J$1,raw_data!$1:$1,0),FALSE) -> 0.038969661 | K47: =VLOOKUP($F47,raw_data!$1:$1048576,MATCH(K$1,raw_data!$1:$1,0),FALSE) -> 0.021257862 | L47: =VLOOKUP($F47,raw_data!$1:$1048576,MATCH(L$1,raw_data!$1:$1,0),FALSE) -> 0.026584036 | M47: =VLOOKUP($F47,raw_data!$1:$1048576,MATCH(M$1,raw_data!$1:$1,0),FALSE) -> 0.023334748 | N47: =VLOOKUP($F47,raw_data!$1:$1048576,MATCH(N$1,raw_data!$1:$1,0),FALSE) -> 0.11773528 | O47: =VLOOKUP($F47,raw_data!$1:$1048576,MATCH(O$1,raw_data!$1:$1,0),FALSE) -> 0.036607266 | ... Q47: =VLOOKUP($F47,raw_data!$1:$1048576,MATCH(Q$1,raw_data!$1:$1,0),FALSE) -> 0.033264033 | R47: =$G47*R$46 -> 0.027040255 | S47: =$G47*S$46 -> 0.027040255 | T47: =$G47*T$46 -> 0.027040255 | U47: =$G47*U$46 -> 0.027040255 | V47: =$G47*V$46 -> 0.027040255 | W47: =$G47*W$46 -> 0.027040255 | X47: =$G47*X$46 -> 0.027040255 | Y47: =$G47*Y$46 -> 0.027040255 | ... AU47: =$G47*AU$46 -> 0.027040255
C48: =C138&"Transfer Rate" -> (Narrowbody Jets급)Transfer Rate | D48: percent1 | F48: =C138&"환승율" -> (Narrowbody Jets급)환승율 | G48: =IFERROR(SUMIF($H$151:$Q$151,"O",H48:Q48)/COUNTIFS($H$151:$Q$151,"O",H48:Q48,"<>0"),0) -> 0.027160941 | H48: =VLOOKUP($F48,raw_data!$1:$1048576,MATCH(H$1,raw_data!$1:$1,0),FALSE) -> 0.057968295 | I48: =VLOOKUP($F48,raw_data!$1:$1048576,MATCH(I$1,raw_data!$1:$1,0),FALSE) -> 0.048445304 | J48: =VLOOKUP($F48,raw_data!$1:$1048576,MATCH(J$1,raw_data!$1:$1,0),FALSE) -> 0.037612185 | K48: =VLOOKUP($F48,raw_data!$1:$1048576,MATCH(K$1,raw_data!$1:$1,0),FALSE) -> 0.026736666 | L48: =VLOOKUP($F48,raw_data!$1:$1048576,MATCH(L$1,raw_data!$1:$1,0),FALSE) -> 0.024408626 | M48: =VLOOKUP($F48,raw_data!$1:$1048576,MATCH(M$1,raw_data!$1:$1,0),FALSE) -> 0.016190476 | N48: =VLOOKUP($F48,raw_data!$1:$1048576,MATCH(N$1,raw_data!$1:$1,0),FALSE) -> 0.030772491 | O48: =VLOOKUP($F48,raw_data!$1:$1048576,MATCH(O$1,raw_data!$1:$1,0),FALSE) -> 0.032865205 | ... Q48: =VLOOKUP($F48,raw_data!$1:$1048576,MATCH(Q$1,raw_data!$1:$1,0),FALSE) -> 0.03033753 | R48: =$G48*R$46 -> 0.027165908 | S48: =$G48*S$46 -> 0.027165908 | T48: =$G48*T$46 -> 0.027165908 | U48: =$G48*U$46 -> 0.027165908 | V48: =$G48*V$46 -> 0.027165908 | W48: =$G48*W$46 -> 0.027165908 | X48: =$G48*X$46 -> 0.027165908 | Y48: =$G48*Y$46 -> 0.027165908 | ... AU48: =$G48*AU$46 -> 0.027165908
C49: =C139&"Transfer Rate" -> (Regional Jets급)Transfer Rate | D49: percent1 | F49: =C139&"환승율" -> (Regional Jets급)환승율 | G49: =IFERROR(SUMIF($H$151:$Q$151,"O",H49:Q49)/COUNTIFS($H$151:$Q$151,"O",H49:Q49,"<>0"),0) -> 0.028368794 | H49: =VLOOKUP($F49,raw_data!$1:$1048576,MATCH(H$1,raw_data!$1:$1,0),FALSE) -> 0 | I49: =VLOOKUP($F49,raw_data!$1:$1048576,MATCH(I$1,raw_data!$1:$1,0),FALSE) -> 0 | J49: =VLOOKUP($F49,raw_data!$1:$1048576,MATCH(J$1,raw_data!$1:$1,0),FALSE) -> 0 | K49: =VLOOKUP($F49,raw_data!$1:$1048576,MATCH(K$1,raw_data!$1:$1,0),FALSE) -> 0 | L49: =VLOOKUP($F49,raw_data!$1:$1048576,MATCH(L$1,raw_data!$1:$1,0),FALSE) -> 0 | M49: =VLOOKUP($F49,raw_data!$1:$1048576,MATCH(M$1,raw_data!$1:$1,0),FALSE) -> 0 | N49: =VLOOKUP($F49,raw_data!$1:$1048576,MATCH(N$1,raw_data!$1:$1,0),FALSE) -> 0 | O49: =VLOOKUP($F49,raw_data!$1:$1048576,MATCH(O$1,raw_data!$1:$1,0),FALSE) -> 0 | ... Q49: =VLOOKUP($F49,raw_data!$1:$1048576,MATCH(Q$1,raw_data!$1:$1,0),FALSE) -> 0.028368794 | R49: =$G49*R$46 -> 0.028373983 | S49: =$G49*S$46 -> 0.028373983 | T49: =$G49*T$46 -> 0.028373983 | U49: =$G49*U$46 -> 0.028373983 | V49: =$G49*V$46 -> 0.028373983 | W49: =$G49*W$46 -> 0.028373983 | X49: =$G49*X$46 -> 0.028373983 | Y49: =$G49*Y$46 -> 0.028373983 | ... AU49: =$G49*AU$46 -> 0.028373983
C50: =C140&"Transfer Rate" -> (Business Jets급)Transfer Rate | D50: percent1 | F50: hbo | G50: =IFERROR(SUMIF($H$151:$Q$151,"O",H50:Q50)/COUNTIFS($H$151:$Q$151,"O",H50:Q50,"<>0"),0) -> 0 | R50: =$G50*R$46 -> 0 | S50: =$G50*S$46 -> 0 | T50: =$G50*T$46 -> 0 | U50: =$G50*U$46 -> 0 | V50: =$G50*V$46 -> 0 | W50: =$G50*W$46 -> 0 | X50: =$G50*X$46 -> 0 | Y50: =$G50*Y$46 -> 0 | ... AU50: =$G50*AU$46 -> 0
B51: Crew by Class | C51: =C137&"Crew" -> (Widebody Jets급)Crew | D51: float0 | F51: =C137&"대당승무원" -> (Widebody Jets급)대당승무원 | G51: =IFERROR(SUMIF($H$152:$Q$152,"O",H51:Q51)/COUNTIFS($H$152:$Q$152,"O",H51:Q51,"<>0"),0) -> 11.04457 | H51: =VLOOKUP($F51,raw_data!$1:$1048576,MATCH(H$1,raw_data!$1:$1,0),FALSE) -> 12.454545 | I51: =VLOOKUP($F51,raw_data!$1:$1048576,MATCH(I$1,raw_data!$1:$1,0),FALSE) -> 12.651376 | J51: =VLOOKUP($F51,raw_data!$1:$1048576,MATCH(J$1,raw_data!$1:$1,0),FALSE) -> 11.841463 | K51: =VLOOKUP($F51,raw_data!$1:$1048576,MATCH(K$1,raw_data!$1:$1,0),FALSE) -> 10.680412 | L51: =VLOOKUP($F51,raw_data!$1:$1048576,MATCH(L$1,raw_data!$1:$1,0),FALSE) -> 10.587912 | M51: =VLOOKUP($F51,raw_data!$1:$1048576,MATCH(M$1,raw_data!$1:$1,0),FALSE) -> 11.615385 | N51: =VLOOKUP($F51,raw_data!$1:$1048576,MATCH(N$1,raw_data!$1:$1,0),FALSE) -> 12.385965 | O51: =VLOOKUP($F51,raw_data!$1:$1048576,MATCH(O$1,raw_data!$1:$1,0),FALSE) -> 13.371429 | ... Q51: =VLOOKUP($F51,raw_data!$1:$1048576,MATCH(Q$1,raw_data!$1:$1,0),FALSE) -> 11.865385 | R51: =G51 -> 11.04457 | S51: =R51 -> 11.04457 | T51: =S51 -> 11.04457 | U51: =T51 -> 11.04457 | V51: =U51 -> 11.04457 | W51: =V51 -> 11.04457 | X51: =W51 -> 11.04457 | Y51: =X51 -> 11.04457 | Z51: =Y51 -> 11.04457 | ... AU51: =AT51 -> 11.04457
C52: =C138&"Crew" -> (Narrowbody Jets급)Crew | D52: float0 | F52: =C138&"대당승무원" -> (Narrowbody Jets급)대당승무원 | G52: =IFERROR(SUMIF($H$152:$Q$152,"O",H52:Q52)/COUNTIFS($H$152:$Q$152,"O",H52:Q52,"<>0"),0) -> 8.0909879 | H52: =VLOOKUP($F52,raw_data!$1:$1048576,MATCH(H$1,raw_data!$1:$1,0),FALSE) -> 7.0677177 | I52: =VLOOKUP($F52,raw_data!$1:$1048576,MATCH(I$1,raw_data!$1:$1,0),FALSE) -> 6.5097671 | J52: =VLOOKUP($F52,raw_data!$1:$1048576,MATCH(J$1,raw_data!$1:$1,0),FALSE) -> 6.0424592 | K52: =VLOOKUP($F52,raw_data!$1:$1048576,MATCH(K$1,raw_data!$1:$1,0),FALSE) -> 8.3834447 | L52: =VLOOKUP($F52,raw_data!$1:$1048576,MATCH(L$1,raw_data!$1:$1,0),FALSE) -> 8.2715644 | M52: =VLOOKUP($F52,raw_data!$1:$1048576,MATCH(M$1,raw_data!$1:$1,0),FALSE) -> 7.946875 | N52: =VLOOKUP($F52,raw_data!$1:$1048576,MATCH(N$1,raw_data!$1:$1,0),FALSE) -> 8.5658819 | O52: =VLOOKUP($F52,raw_data!$1:$1048576,MATCH(O$1,raw_data!$1:$1,0),FALSE) -> 8.0407436 | ... Q52: =VLOOKUP($F52,raw_data!$1:$1048576,MATCH(Q$1,raw_data!$1:$1,0),FALSE) -> 7.6179545 | R52: =G52 -> 8.0909879 | S52: =R52 -> 8.0909879 | T52: =S52 -> 8.0909879 | U52: =T52 -> 8.0909879 | V52: =U52 -> 8.0909879 | W52: =V52 -> 8.0909879 | X52: =W52 -> 8.0909879 | Y52: =X52 -> 8.0909879 | Z52: =Y52 -> 8.0909879 | ... AU52: =AT52 -> 8.0909879
C53: =C139&"Crew" -> (Regional Jets급)Crew | D53: float0 | F53: =C139&"대당승무원" -> (Regional Jets급)대당승무원 | G53: =IFERROR(SUMIF($H$152:$Q$152,"O",H53:Q53)/COUNTIFS($H$152:$Q$152,"O",H53:Q53,"<>0"),0) -> 4.5 | H53: =VLOOKUP($F53,raw_data!$1:$1048576,MATCH(H$1,raw_data!$1:$1,0),FALSE) -> 0 | I53: =VLOOKUP($F53,raw_data!$1:$1048576,MATCH(I$1,raw_data!$1:$1,0),FALSE) -> 0 | J53: =VLOOKUP($F53,raw_data!$1:$1048576,MATCH(J$1,raw_data!$1:$1,0),FALSE) -> 0 | K53: =VLOOKUP($F53,raw_data!$1:$1048576,MATCH(K$1,raw_data!$1:$1,0),FALSE) -> 0 | L53: =VLOOKUP($F53,raw_data!$1:$1048576,MATCH(L$1,raw_data!$1:$1,0),FALSE) -> 0 | M53: =VLOOKUP($F53,raw_data!$1:$1048576,MATCH(M$1,raw_data!$1:$1,0),FALSE) -> 0 | N53: =VLOOKUP($F53,raw_data!$1:$1048576,MATCH(N$1,raw_data!$1:$1,0),FALSE) -> 0 | O53: =VLOOKUP($F53,raw_data!$1:$1048576,MATCH(O$1,raw_data!$1:$1,0),FALSE) -> 0 | ... Q53: =VLOOKUP($F53,raw_data!$1:$1048576,MATCH(Q$1,raw_data!$1:$1,0),FALSE) -> 4.5 | R53: =G53 -> 4.5 | S53: =R53 -> 4.5 | T53: =S53 -> 4.5 | U53: =T53 -> 4.5 | V53: =U53 -> 4.5 | W53: =V53 -> 4.5 | X53: =W53 -> 4.5 | Y53: =X53 -> 4.5 | Z53: =Y53 -> 4.5 | ... AU53: =AT53 -> 4.5
C54: =C140&"Crew" -> (Business Jets급)Crew | D54: float0 | F54: =C140&"대당승무원" -> (Business Jets급)대당승무원 | G54: =IFERROR(SUMIF($H$152:$Q$152,"O",H54:Q54)/COUNTIFS($H$152:$Q$152,"O",H54:Q54,"<>0"),0) -> 0 | R54: =G54 -> 0 | S54: =R54 -> 0 | T54: =S54 -> 0 | U54: =T54 -> 0 | V54: =U54 -> 0 | W54: =V54 -> 0 | X54: =W54 -> 0 | Y54: =X54 -> 0 | Z54: =Y54 -> 0 | ... AU54: =AT54 -> 0
A58: top | B58: mid | C58: low | D58: decimal | E58: changeable | F58: 변수설명 | G58: 참조지표 | H58: =I58-1 -> 2015 | I58: =J58-1 -> 2016 | J58: =K58-1 -> 2017 | K58: =L58-1 -> 2018 | L58: =M58-1 -> 2019 | M58: =N58-1 -> 2020 | N58: =O58-1 -> 2021 | O58: =P58-1 -> 2022 | P58: =Q58-1 -> 2023 | Q58: =ref!B4 -> 2024 | R58: =Q58+1 -> 2025 | S58: =R58+1 -> 2026 | T58: =S58+1 -> 2027 | U58: =T58+1 -> 2028 | V58: =U58+1 -> 2029 | W58: =V58+1 -> 2030 | X58: =W58+1 -> 2031 | Y58: =X58+1 -> 2032 | ... AU58: =AT58+1 -> 2054
A59: Airside(ADPM) | B59: Movements(ADPM) | C59: Movement PHF(%)(ADPM) | D59: percent4 | F59: ADPM/movement/all/PHF | H59: =VLOOKUP($F59,raw_data!$1:$1048576,MATCH(H$1,raw_data!$1:$1,0),FALSE) -> 0.00078064012 | I59: =VLOOKUP($F59,raw_data!$1:$1048576,MATCH(I$1,raw_data!$1:$1,0),FALSE) -> 0.00065009687 | J59: =VLOOKUP($F59,raw_data!$1:$1048576,MATCH(J$1,raw_data!$1:$1,0),FALSE) -> 0.00066854613 | K59: =VLOOKUP($F59,raw_data!$1:$1048576,MATCH(K$1,raw_data!$1:$1,0),FALSE) -> 0.00058261479 | L59: =VLOOKUP($F59,raw_data!$1:$1048576,MATCH(L$1,raw_data!$1:$1,0),FALSE) -> 0.00081788415 | M59: =VLOOKUP($F59,raw_data!$1:$1048576,MATCH(M$1,raw_data!$1:$1,0),FALSE) -> 0 | N59: =VLOOKUP($F59,raw_data!$1:$1048576,MATCH(N$1,raw_data!$1:$1,0),FALSE) -> 0.00070066375 | O59: =VLOOKUP($F59,raw_data!$1:$1048576,MATCH(O$1,raw_data!$1:$1,0),FALSE) -> 0.00048565281 | ... Q59: =VLOOKUP($F59,raw_data!$1:$1048576,MATCH(Q$1,raw_data!$1:$1,0),FALSE) -> 0.00049144503 | R59: =0.0021*R20^(-0.183)*$G$63 -> 0.00058142749 | S59: =0.0021*S20^(-0.183)*$G$63 -> 0.00057101869 | T59: =0.0021*T20^(-0.183)*$G$63 -> 0.00056042871 | U59: =0.0021*U20^(-0.183)*$G$63 -> 0.00055051554 | V59: =0.0021*V20^(-0.183)*$G$63 -> 0.00054088022 | W59: =0.0021*W20^(-0.183)*$G$63 -> 0.00053100581 | X59: =0.0021*X20^(-0.183)*$G$63 -> 0.000523113 | Y59: =0.0021*Y20^(-0.183)*$G$63 -> 0.00051508797 | ... AU59: =0.0021*AU20^(-0.183)*$G$63 -> 0.00041301349
C60: - Movement H Factor(ADPM) | D60: float1 | F60: ADPM/movement/all/H팩터 | H60: =VLOOKUP($F60,raw_data!$1:$1048576,MATCH(H$1,raw_data!$1:$1,0),FALSE) -> 4 | I60: =VLOOKUP($F60,raw_data!$1:$1048576,MATCH(I$1,raw_data!$1:$1,0),FALSE) -> 4.7 | J60: =VLOOKUP($F60,raw_data!$1:$1048576,MATCH(J$1,raw_data!$1:$1,0),FALSE) -> 4.7 | K60: =VLOOKUP($F60,raw_data!$1:$1048576,MATCH(K$1,raw_data!$1:$1,0),FALSE) -> 5.7666667 | L60: =VLOOKUP($F60,raw_data!$1:$1048576,MATCH(L$1,raw_data!$1:$1,0),FALSE) -> 4.175 | M60: =VLOOKUP($F60,raw_data!$1:$1048576,MATCH(M$1,raw_data!$1:$1,0),FALSE) -> 0 | N60: =VLOOKUP($F60,raw_data!$1:$1048576,MATCH(N$1,raw_data!$1:$1,0),FALSE) -> 6.175 | O60: =VLOOKUP($F60,raw_data!$1:$1048576,MATCH(O$1,raw_data!$1:$1,0),FALSE) -> 6.2866667 | ... Q60: =VLOOKUP($F60,raw_data!$1:$1048576,MATCH(Q$1,raw_data!$1:$1,0),FALSE) -> 6.8333333 | R60: =0.0021*#REF!^(-0.183)*$G$63 -> #REF! | S60: =1/S59/S61 -> 5.9145818 | T60: =1/T59/T61 -> 6.026345 | U60: =1/U59/U61 -> 6.1348618 | V60: =1/V59/V61 -> 6.244149 | W60: =1/W59/W61 -> 6.3602633 | X60: =1/X59/X61 -> 6.4562279 | Y60: =1/Y59/Y61 -> 6.5568154 | Z60: =1/Z59/Z61 -> 6.665846 | ... AU60: =1/AU59/AU61 -> 8.1773037
C61: - Movement D Factor(ADPM) | D61: float1 | F61: ADPM/movement/all/D팩터 | G61: =SUMIF($H$154:$Q$154,"O",H61:Q61)/COUNTIFS($H$154:$Q$154,"O",H61:Q61,"<>0") -> 296.09129 | H61: =VLOOKUP($F61,raw_data!$1:$1048576,MATCH(H$1,raw_data!$1:$1,0),FALSE) -> 320.25 | I61: =VLOOKUP($F61,raw_data!$1:$1048576,MATCH(I$1,raw_data!$1:$1,0),FALSE) -> 327.28346 | J61: =VLOOKUP($F61,raw_data!$1:$1048576,MATCH(J$1,raw_data!$1:$1,0),FALSE) -> 318.25172 | K61: =VLOOKUP($F61,raw_data!$1:$1048576,MATCH(K$1,raw_data!$1:$1,0),FALSE) -> 297.64161 | L61: =VLOOKUP($F61,raw_data!$1:$1048576,MATCH(L$1,raw_data!$1:$1,0),FALSE) -> 292.85438 | M61: =VLOOKUP($F61,raw_data!$1:$1048576,MATCH(M$1,raw_data!$1:$1,0),FALSE) -> 0 | N61: =VLOOKUP($F61,raw_data!$1:$1048576,MATCH(N$1,raw_data!$1:$1,0),FALSE) -> 231.12844 | O61: =VLOOKUP($F61,raw_data!$1:$1048576,MATCH(O$1,raw_data!$1:$1,0),FALSE) -> 327.53194 | ... Q61: =VLOOKUP($F61,raw_data!$1:$1048576,MATCH(Q$1,raw_data!$1:$1,0),FALSE) -> 297.77789 | R61: =0.0021*#REF!^(-0.183)*$G$63 -> #REF! | S61: =$G$61 -> 296.09129 | T61: =$G$61 -> 296.09129 | U61: =$G$61 -> 296.09129 | V61: =$G$61 -> 296.09129 | W61: =$G$61 -> 296.09129 | X61: =$G$61 -> 296.09129 | Y61: =$G$61 -> 296.09129 | Z61: =$G$61 -> 296.09129 | ... AU61: =$G$61 -> 296.09129
C62: Movement PHF(%) Model(ADPM) | D62: percent4 | F62: 모형 | H62: =0.0021*H20^(-0.183) -> 0.00049023248 | I62: =0.0021*I20^(-0.183) -> 0.00049228524 | J62: =0.0021*J20^(-0.183) -> 0.00048441801 | K62: =0.0021*K20^(-0.183) -> 0.00049163778 | L62: =0.0021*L20^(-0.183) -> 0.00047864181 | M62: =0.0021*M20^(-0.183) -> 0.00059620367 | N62: =0.0021*N20^(-0.183) -> 0.00050245683 | O62: =0.0021*O20^(-0.183) -> 0.00046036463 | ... Q62: =0.0021*Q20^(-0.183) -> 0.00044206163
C63: Movement Model PHF / Movement PHF(ADPM) | D63: percent1 | F63: 모형PHF / 실제 PHF | G63: =SUMIF($H$153:$Q$153,"O",H63:Q63)/COUNTIFS($H$153:$Q$153,"O",H63:Q63,"<>0") -> 1.3351736 | H63: =H59/H62 -> 1.5923876 | I63: =I59/I62 -> 1.3205695 | J63: =J59/J62 -> 1.3801017 | K63: =K59/K62 -> 1.1850489 | L63: =L59/L62 -> 1.7087604 | M63: =M59/M62 -> 0 | N63: =N59/N62 -> 1.3944755 | O63: =O59/O62 -> 1.0549308 | ... Q63: =Q59/Q62 -> 1.1117116
C64: Peak Hour Movements(ADPM) | D64: float0 | F64: ADPM/movement/all/첨두시 | H64: =VLOOKUP($F64,raw_data!$1:$1048576,MATCH(H$1,raw_data!$1:$1,0),FALSE) -> 2.2131148 | I64: =VLOOKUP($F64,raw_data!$1:$1048576,MATCH(I$1,raw_data!$1:$1,0),FALSE) -> 1.8014184 | J64: =VLOOKUP($F64,raw_data!$1:$1048576,MATCH(J$1,raw_data!$1:$1,0),FALSE) -> 2.0230206 | K64: =VLOOKUP($F64,raw_data!$1:$1048576,MATCH(K$1,raw_data!$1:$1,0),FALSE) -> 1.6260779 | L64: =VLOOKUP($F64,raw_data!$1:$1048576,MATCH(L$1,raw_data!$1:$1,0),FALSE) -> 2.6425837 | M64: =VLOOKUP($F64,raw_data!$1:$1048576,MATCH(M$1,raw_data!$1:$1,0),FALSE) -> 0 | N64: =VLOOKUP($F64,raw_data!$1:$1048576,MATCH(N$1,raw_data!$1:$1,0),FALSE) -> 1.7362448 | O64: =VLOOKUP($F64,raw_data!$1:$1048576,MATCH(O$1,raw_data!$1:$1,0),FALSE) -> 1.9411543 | ... Q64: =VLOOKUP($F64,raw_data!$1:$1048576,MATCH(Q$1,raw_data!$1:$1,0),FALSE) -> 2.4518193 | R64: =R20*R59 -> 3.1489431 | S64: =S20*S59 -> 3.4134199 | T64: =T20*T59 -> 3.7109553 | U64: =U20*U59 -> 4.0187314 | V64: =V20*V59 -> 4.3483527 | W64: =W20*W59 -> 4.7211607 | X64: =X20*X59 -> 5.0475972 | Y64: =Y20*Y59 -> 5.4082864 | ... AU64: =AU20*AU59 -> 14.497064
C65: - Peak Hour darture Movement(ADPM) | D65: float0 | F65: ADPM/movement/d/첨두시 | H65: =MIN(VLOOKUP($F65,raw_data!$1:$1048576,MATCH(H$1,raw_data!$1:$1,0),FALSE),H64) -> 1.368937 | I65: =MIN(VLOOKUP($F65,raw_data!$1:$1048576,MATCH(I$1,raw_data!$1:$1,0),FALSE),I64) -> 1.0625 | J65: =MIN(VLOOKUP($F65,raw_data!$1:$1048576,MATCH(J$1,raw_data!$1:$1,0),FALSE),J64) -> 1.5640957 | K65: =MIN(VLOOKUP($F65,raw_data!$1:$1048576,MATCH(K$1,raw_data!$1:$1,0),FALSE),K64) -> 1.3255269 | L65: =MIN(VLOOKUP($F65,raw_data!$1:$1048576,MATCH(L$1,raw_data!$1:$1,0),FALSE),L64) -> 1.8945604 | M65: =MIN(VLOOKUP($F65,raw_data!$1:$1048576,MATCH(M$1,raw_data!$1:$1,0),FALSE),M64) -> 0 | N65: =MIN(VLOOKUP($F65,raw_data!$1:$1048576,MATCH(N$1,raw_data!$1:$1,0),FALSE),N64) -> 1.1147541 | O65: =MIN(VLOOKUP($F65,raw_data!$1:$1048576,MATCH(O$1,raw_data!$1:$1,0),FALSE),O64) -> 1.4598141 | ... Q65: =MIN(VLOOKUP($F65,raw_data!$1:$1048576,MATCH(Q$1,raw_data!$1:$1,0),FALSE),Q64) -> 1.6404228 | R65: =R64*R89 -> 2.1472871 | S65: =S64*S89 -> 2.3276358 | T65: =T64*T89 -> 2.5305273 | U65: =U64*U89 -> 2.7404021 | V65: =V64*V89 -> 2.9651732 | W65: =W64*W89 -> 3.2193937 | X65: =X64*X89 -> 3.4419931 | Y65: =Y64*Y89 -> 3.6879497 | ... AU65: =AU64*AU89 -> 9.8856532
C66: - Peak Hour aival Movement(ADPM) | D66: float0 | F66: ADPM/movement/a/첨두시 | H66: =MIN(VLOOKUP($F66,raw_data!$1:$1048576,MATCH(H$1,raw_data!$1:$1,0),FALSE),H64) -> 1.553063 | I66: =MIN(VLOOKUP($F66,raw_data!$1:$1048576,MATCH(I$1,raw_data!$1:$1,0),FALSE),I64) -> 1.0811966 | J66: =MIN(VLOOKUP($F66,raw_data!$1:$1048576,MATCH(J$1,raw_data!$1:$1,0),FALSE),J64) -> 1.2804608 | K66: =MIN(VLOOKUP($F66,raw_data!$1:$1048576,MATCH(K$1,raw_data!$1:$1,0),FALSE),K64) -> 0.87735276 | L66: =MIN(VLOOKUP($F66,raw_data!$1:$1048576,MATCH(L$1,raw_data!$1:$1,0),FALSE),L64) -> 1.5794451 | M66: =MIN(VLOOKUP($F66,raw_data!$1:$1048576,MATCH(M$1,raw_data!$1:$1,0),FALSE),M64) -> 0 | N66: =MIN(VLOOKUP($F66,raw_data!$1:$1048576,MATCH(N$1,raw_data!$1:$1,0),FALSE),N64) -> 1.6869107 | O66: =MIN(VLOOKUP($F66,raw_data!$1:$1048576,MATCH(O$1,raw_data!$1:$1,0),FALSE),O64) -> 1.3509835 | ... Q66: =MIN(VLOOKUP($F66,raw_data!$1:$1048576,MATCH(Q$1,raw_data!$1:$1,0),FALSE),Q64) -> 1.6773423 | R66: =R64*R90 -> 1.9670244 | S66: =S64*S90 -> 2.132233 | T66: =T64*T90 -> 2.318092 | U66: =U64*U90 -> 2.510348 | V66: =V64*V90 -> 2.7162498 | W66: =W64*W90 -> 2.9491287 | X66: =X64*X90 -> 3.1530411 | Y66: =Y64*Y90 -> 3.3783499 | ... AU66: =AU64*AU90 -> 9.0557622
A67: Terminal(ADPM) | B67: Passengers(ADPM) | C67: Passenger PHF(%)(ADPM) | D67: percent4 | F67: ADPM/total_pax/all/PHF | H67: =VLOOKUP($F67,raw_data!$1:$1048576,MATCH(H$1,raw_data!$1:$1,0),FALSE) -> 0.0007806589 | I67: =VLOOKUP($F67,raw_data!$1:$1048576,MATCH(I$1,raw_data!$1:$1,0),FALSE) -> 0.00083982444 | J67: =VLOOKUP($F67,raw_data!$1:$1048576,MATCH(J$1,raw_data!$1:$1,0),FALSE) -> 0.00084228849 | K67: =VLOOKUP($F67,raw_data!$1:$1048576,MATCH(K$1,raw_data!$1:$1,0),FALSE) -> 0.00065342578 | L67: =VLOOKUP($F67,raw_data!$1:$1048576,MATCH(L$1,raw_data!$1:$1,0),FALSE) -> 0.00081497154 | M67: =VLOOKUP($F67,raw_data!$1:$1048576,MATCH(M$1,raw_data!$1:$1,0),FALSE) -> 0 | N67: =VLOOKUP($F67,raw_data!$1:$1048576,MATCH(N$1,raw_data!$1:$1,0),FALSE) -> 0.00082709802 | O67: =VLOOKUP($F67,raw_data!$1:$1048576,MATCH(O$1,raw_data!$1:$1,0),FALSE) -> 0.00053325544 | ... Q67: =VLOOKUP($F67,raw_data!$1:$1048576,MATCH(Q$1,raw_data!$1:$1,0),FALSE) -> 0.00052856519 | R67: =0.0021*R20^(-0.183)*$G$70 -> 0.00061364007 | S67: =0.0021*S20^(-0.183)*$G$70 -> 0.0006026546 | T67: =0.0021*T20^(-0.183)*$G$70 -> 0.00059147791 | U67: =0.0021*U20^(-0.183)*$G$70 -> 0.00058101552 | V67: =0.0021*V20^(-0.183)*$G$70 -> 0.00057084639 | W67: =0.0021*W20^(-0.183)*$G$70 -> 0.0005604249 | X67: =0.0021*X20^(-0.183)*$G$70 -> 0.00055209481 | Y67: =0.0021*Y20^(-0.183)*$G$70 -> 0.00054362518 | ... AU67: =0.0021*AU20^(-0.183)*$G$70 -> 0.0004358955
C68: - Passenger H Factor(ADPM) | D68: float1 | F68: ADPM/total_pax/all/H팩터 | H68: =VLOOKUP($F68,raw_data!$1:$1048576,MATCH(H$1,raw_data!$1:$1,0),FALSE) -> 4.0320083 | I68: =VLOOKUP($F68,raw_data!$1:$1048576,MATCH(I$1,raw_data!$1:$1,0),FALSE) -> 4.0340253 | J68: =VLOOKUP($F68,raw_data!$1:$1048576,MATCH(J$1,raw_data!$1:$1,0),FALSE) -> 3.9576948 | K68: =VLOOKUP($F68,raw_data!$1:$1048576,MATCH(K$1,raw_data!$1:$1,0),FALSE) -> 5.1145108 | L68: =VLOOKUP($F68,raw_data!$1:$1048576,MATCH(L$1,raw_data!$1:$1,0),FALSE) -> 4.0511903 | M68: =VLOOKUP($F68,raw_data!$1:$1048576,MATCH(M$1,raw_data!$1:$1,0),FALSE) -> 0 | N68: =VLOOKUP($F68,raw_data!$1:$1048576,MATCH(N$1,raw_data!$1:$1,0),FALSE) -> 5.3649116 | O68: =VLOOKUP($F68,raw_data!$1:$1048576,MATCH(O$1,raw_data!$1:$1,0),FALSE) -> 6.2373865 | ... Q68: =VLOOKUP($F68,raw_data!$1:$1048576,MATCH(Q$1,raw_data!$1:$1,0),FALSE) -> 6.4933327 | R68: =1/R67/R69 -> 5.4717555 | S68: =1/S67/S69 -> 5.5714973 | T68: =1/T67/T69 -> 5.6767775 | U68: =1/U67/U69 -> 5.7789996 | V68: =1/V67/V69 -> 5.8819475 | W68: =1/W67/W69 -> 5.9913263 | X68: =1/X67/X69 -> 6.0817244 | Y68: =1/Y67/Y69 -> 6.1764771 | ... AU68: =1/AU67/AU69 -> 7.7029665
C69: - Passenger D Factor(ADPM) | D69: float1 | F69: ADPM/total_pax/all/D팩터 | G69: =SUMIF($H$156:$Q$156,"O",H69:Q69)/COUNTIFS($H$156:$Q$156,"O",H69:Q69,"<>0") -> 297.82394 | H69: =VLOOKUP($F69,raw_data!$1:$1048576,MATCH(H$1,raw_data!$1:$1,0),FALSE) -> 317.70004 | I69: =VLOOKUP($F69,raw_data!$1:$1048576,MATCH(I$1,raw_data!$1:$1,0),FALSE) -> 295.17045 | J69: =VLOOKUP($F69,raw_data!$1:$1048576,MATCH(J$1,raw_data!$1:$1,0),FALSE) -> 299.98313 | K69: =VLOOKUP($F69,raw_data!$1:$1048576,MATCH(K$1,raw_data!$1:$1,0),FALSE) -> 299.22621 | L69: =VLOOKUP($F69,raw_data!$1:$1048576,MATCH(L$1,raw_data!$1:$1,0),FALSE) -> 302.88301 | M69: =VLOOKUP($F69,raw_data!$1:$1048576,MATCH(M$1,raw_data!$1:$1,0),FALSE) -> 0 | N69: =VLOOKUP($F69,raw_data!$1:$1048576,MATCH(N$1,raw_data!$1:$1,0),FALSE) -> 225.36187 | O69: =VLOOKUP($F69,raw_data!$1:$1048576,MATCH(O$1,raw_data!$1:$1,0),FALSE) -> 300.65058 | ... Q69: =VLOOKUP($F69,raw_data!$1:$1048576,MATCH(Q$1,raw_data!$1:$1,0),FALSE) -> 291.36259 | R69: =$G$69 -> 297.82394 | S69: =$G$69 -> 297.82394 | T69: =$G$69 -> 297.82394 | U69: =$G$69 -> 297.82394 | V69: =$G$69 -> 297.82394 | W69: =$G$69 -> 297.82394 | X69: =$G$69 -> 297.82394 | Y69: =$G$69 -> 297.82394 | ... AU69: =$G$69 -> 297.82394
C70: Passenger PHF / Movement PHF(ADPM) | D70: percent1 | F70: 여객PHF / 운항 PHF | G70: =SUMIF($H$155:$Q$155,"O",H70:Q70)/COUNTIFS($H$155:$Q$155,"O",H70:Q70,"<>0") -> 1.4091457 | H70: =H67/H62 -> 1.5924259 | I70: =I67/I62 -> 1.7059712 | J70: =J67/J62 -> 1.7387638 | K70: =K67/K62 -> 1.3290797 | L70: =L67/L62 -> 1.7026752 | M70: =M67/M62 -> 0 | N70: =N67/N62 -> 1.6461076 | O70: =O67/O62 -> 1.1583328 | ... Q70: =Q67/Q62 -> 1.1956821
C71: Peak Hour Passengers(ADPM) | D71: float0 | F71: ADPM/total_pax/all/첨두시 | H71: =VLOOKUP($F71,raw_data!$1:$1048576,MATCH(H$1,raw_data!$1:$1,0),FALSE) -> 247.89745 | I71: =VLOOKUP($F71,raw_data!$1:$1048576,MATCH(I$1,raw_data!$1:$1,0),FALSE) -> 248.91137 | J71: =VLOOKUP($F71,raw_data!$1:$1048576,MATCH(J$1,raw_data!$1:$1,0),FALSE) -> 253.13212 | K71: =VLOOKUP($F71,raw_data!$1:$1048576,MATCH(K$1,raw_data!$1:$1,0),FALSE) -> 235.79327 | L71: =VLOOKUP($F71,raw_data!$1:$1048576,MATCH(L$1,raw_data!$1:$1,0),FALSE) -> 348.4696 | M71: =VLOOKUP($F71,raw_data!$1:$1048576,MATCH(M$1,raw_data!$1:$1,0),FALSE) -> 0 | N71: =VLOOKUP($F71,raw_data!$1:$1048576,MATCH(N$1,raw_data!$1:$1,0),FALSE) -> 278.11254 | O71: =VLOOKUP($F71,raw_data!$1:$1048576,MATCH(O$1,raw_data!$1:$1,0),FALSE) -> 268.23762 | ... Q71: =VLOOKUP($F71,raw_data!$1:$1048576,MATCH(Q$1,raw_data!$1:$1,0),FALSE) -> 317.94782 | R71: =R2*R67 -> 423.81766 | S71: =S2*S67 -> 459.41372 | T71: =T2*T67 -> 499.45913 | U71: =U2*U67 -> 540.88286 | V71: =V2*V67 -> 585.24674 | W71: =W2*W67 -> 635.42314 | X71: =X2*X67 -> 679.35837 | Y71: =Y2*Y67 -> 727.90369 | ... AU71: =AU2*AU67 -> 1951.1664
C72: - Peak Hour darture Passengers(ADPM) | D72: float0 | F72: ADPM/total_pax/d/첨두시 | H72: =VLOOKUP($F72,raw_data!$1:$1048576,MATCH(H$1,raw_data!$1:$1,0),FALSE) -> 128.37596 | I72: =VLOOKUP($F72,raw_data!$1:$1048576,MATCH(I$1,raw_data!$1:$1,0),FALSE) -> 165.10754 | J72: =VLOOKUP($F72,raw_data!$1:$1048576,MATCH(J$1,raw_data!$1:$1,0),FALSE) -> 179.26209 | K72: =VLOOKUP($F72,raw_data!$1:$1048576,MATCH(K$1,raw_data!$1:$1,0),FALSE) -> 145.03911 | L72: =VLOOKUP($F72,raw_data!$1:$1048576,MATCH(L$1,raw_data!$1:$1,0),FALSE) -> 224.31351 | M72: =VLOOKUP($F72,raw_data!$1:$1048576,MATCH(M$1,raw_data!$1:$1,0),FALSE) -> 0 | N72: =VLOOKUP($F72,raw_data!$1:$1048576,MATCH(N$1,raw_data!$1:$1,0),FALSE) -> 169.83536 | O72: =VLOOKUP($F72,raw_data!$1:$1048576,MATCH(O$1,raw_data!$1:$1,0),FALSE) -> 171.18659 | ... Q72: =VLOOKUP($F72,raw_data!$1:$1048576,MATCH(Q$1,raw_data!$1:$1,0),FALSE) -> 175.58151
C73: - Peak Hour aival Passengers(ADPM) | D73: float0 | F73: ADPM/total_pax/a/첨두시 | H73: =VLOOKUP($F73,raw_data!$1:$1048576,MATCH(H$1,raw_data!$1:$1,0),FALSE) -> 170.19647 | I73: =VLOOKUP($F73,raw_data!$1:$1048576,MATCH(I$1,raw_data!$1:$1,0),FALSE) -> 260.24696 | J73: =VLOOKUP($F73,raw_data!$1:$1048576,MATCH(J$1,raw_data!$1:$1,0),FALSE) -> 160.19111 | K73: =VLOOKUP($F73,raw_data!$1:$1048576,MATCH(K$1,raw_data!$1:$1,0),FALSE) -> 137.48837 | L73: =VLOOKUP($F73,raw_data!$1:$1048576,MATCH(L$1,raw_data!$1:$1,0),FALSE) -> 201.7395 | M73: =VLOOKUP($F73,raw_data!$1:$1048576,MATCH(M$1,raw_data!$1:$1,0),FALSE) -> 0 | N73: =VLOOKUP($F73,raw_data!$1:$1048576,MATCH(N$1,raw_data!$1:$1,0),FALSE) -> 301.18729 | O73: =VLOOKUP($F73,raw_data!$1:$1048576,MATCH(O$1,raw_data!$1:$1,0),FALSE) -> 217.68569 | ... Q73: =VLOOKUP($F73,raw_data!$1:$1048576,MATCH(Q$1,raw_data!$1:$1,0),FALSE) -> 263.86007
C74: Peak Hour Seats(ADPM) | D74: float0 | F74: ADPM/total_seat_count/all/첨두시 | H74: =VLOOKUP($F74,raw_data!$1:$1048576,MATCH(H$1,raw_data!$1:$1,0),FALSE) -> 296.283 | I74: =VLOOKUP($F74,raw_data!$1:$1048576,MATCH(I$1,raw_data!$1:$1,0),FALSE) -> 322.0444 | J74: =VLOOKUP($F74,raw_data!$1:$1048576,MATCH(J$1,raw_data!$1:$1,0),FALSE) -> 314.45946 | K74: =VLOOKUP($F74,raw_data!$1:$1048576,MATCH(K$1,raw_data!$1:$1,0),FALSE) -> 298.06533 | L74: =VLOOKUP($F74,raw_data!$1:$1048576,MATCH(L$1,raw_data!$1:$1,0),FALSE) -> 455.96496 | M74: =VLOOKUP($F74,raw_data!$1:$1048576,MATCH(M$1,raw_data!$1:$1,0),FALSE) -> 0 | N74: =VLOOKUP($F74,raw_data!$1:$1048576,MATCH(N$1,raw_data!$1:$1,0),FALSE) -> 344.43301 | O74: =VLOOKUP($F74,raw_data!$1:$1048576,MATCH(O$1,raw_data!$1:$1,0),FALSE) -> 311.53635 | ... Q74: =VLOOKUP($F74,raw_data!$1:$1048576,MATCH(Q$1,raw_data!$1:$1,0),FALSE) -> 395.26714
C75: Peak Hour Load Factor(%)(ADPM) | D75: percent1 | F75: 첨두여객(명) / 첨두공급좌석(수) | H75: =H71/H74 -> 0.83669145 | I75: =I71/I74 -> 0.77291009 | J75: =J71/J74 -> 0.80497536 | K75: =K71/K74 -> 0.79107914 | L75: =L71/L74 -> 0.76424646 | M75: =M71/M74 -> #DIV/0! | N75: =N71/N74 -> 0.80745031 | O75: =O71/O74 -> 0.86101548 | ... Q75: =Q71/Q74 -> 0.80438718
B76: OD Passengers(ADPM) | C76: Peak Hour OD Passengers(ADPM) | D76: float0 | F76: ADPM/od_pax/all/첨두시 | H76: =VLOOKUP($F76,raw_data!$1:$1048576,MATCH(H$1,raw_data!$1:$1,0),FALSE) -> 215.1873 | I76: =VLOOKUP($F76,raw_data!$1:$1048576,MATCH(I$1,raw_data!$1:$1,0),FALSE) -> 234.57525 | J76: =VLOOKUP($F76,raw_data!$1:$1048576,MATCH(J$1,raw_data!$1:$1,0),FALSE) -> 244.08218 | K76: =VLOOKUP($F76,raw_data!$1:$1048576,MATCH(K$1,raw_data!$1:$1,0),FALSE) -> 229.04679 | L76: =VLOOKUP($F76,raw_data!$1:$1048576,MATCH(L$1,raw_data!$1:$1,0),FALSE) -> 336.9592 | M76: =VLOOKUP($F76,raw_data!$1:$1048576,MATCH(M$1,raw_data!$1:$1,0),FALSE) -> 0 | N76: =VLOOKUP($F76,raw_data!$1:$1048576,MATCH(N$1,raw_data!$1:$1,0),FALSE) -> 270.33808 | O76: =VLOOKUP($F76,raw_data!$1:$1048576,MATCH(O$1,raw_data!$1:$1,0),FALSE) -> 240.10557 | ... Q76: =VLOOKUP($F76,raw_data!$1:$1048576,MATCH(Q$1,raw_data!$1:$1,0),FALSE) -> 307.81223 | R76: =R71*R91 -> 399.82391 | S76: =S71*S91 -> 433.40476 | T76: =T71*T91 -> 471.18306 | U76: =U71*U91 -> 510.26166 | V76: =V71*V91 -> 552.11394 | W76: =W71*W91 -> 599.44968 | X76: =X71*X91 -> 640.8976 | Y76: =Y71*Y91 -> 686.69461 | ... AU76: =AU71*AU91 -> 1840.7043
C77: - Peak Hour OD darture Passengers(ADPM) | D77: float0 | F77: ADPM/od_pax/d/첨두시 | H77: =MIN(VLOOKUP($F77,raw_data!$1:$1048576,MATCH(H$1,raw_data!$1:$1,0),FALSE),H76) -> 115.91359 | I77: =MIN(VLOOKUP($F77,raw_data!$1:$1048576,MATCH(I$1,raw_data!$1:$1,0),FALSE),I76) -> 153.28154 | J77: =MIN(VLOOKUP($F77,raw_data!$1:$1048576,MATCH(J$1,raw_data!$1:$1,0),FALSE),J76) -> 171.50128 | K77: =MIN(VLOOKUP($F77,raw_data!$1:$1048576,MATCH(K$1,raw_data!$1:$1,0),FALSE),K76) -> 141.01583 | L77: =MIN(VLOOKUP($F77,raw_data!$1:$1048576,MATCH(L$1,raw_data!$1:$1,0),FALSE),L76) -> 212.70445 | M77: =MIN(VLOOKUP($F77,raw_data!$1:$1048576,MATCH(M$1,raw_data!$1:$1,0),FALSE),M76) -> 0 | N77: =MIN(VLOOKUP($F77,raw_data!$1:$1048576,MATCH(N$1,raw_data!$1:$1,0),FALSE),N76) -> 173.67666 | O77: =MIN(VLOOKUP($F77,raw_data!$1:$1048576,MATCH(O$1,raw_data!$1:$1,0),FALSE),O76) -> 165.63172 | ... Q77: =MIN(VLOOKUP($F77,raw_data!$1:$1048576,MATCH(Q$1,raw_data!$1:$1,0),FALSE),Q76) -> 169.04499 | R77: =R76*R92 -> 238.95073 | S77: =S76*S92 -> 259.01998 | T77: =T76*T92 -> 281.5978 | U77: =U76*U92 -> 304.95273 | V77: =V76*V92 -> 329.96533 | W77: =W76*W92 -> 358.25506 | X77: =X76*X92 -> 383.02598 | Y77: =Y76*Y92 -> 410.3961 | ... AU77: =AU76*AU92 -> 1100.0783
C78: - Peak Hour OD aival Passengers(ADPM) | D78: float0 | F78: ADPM/od_pax/a/첨두시 | H78: =MIN(VLOOKUP($F78,raw_data!$1:$1048576,MATCH(H$1,raw_data!$1:$1,0),FALSE),H76) -> 152.37842 | I78: =MIN(VLOOKUP($F78,raw_data!$1:$1048576,MATCH(I$1,raw_data!$1:$1,0),FALSE),I76) -> 234.57525 | J78: =MIN(VLOOKUP($F78,raw_data!$1:$1048576,MATCH(J$1,raw_data!$1:$1,0),FALSE),J76) -> 154.69607 | K78: =MIN(VLOOKUP($F78,raw_data!$1:$1048576,MATCH(K$1,raw_data!$1:$1,0),FALSE),K76) -> 134.07816 | L78: =MIN(VLOOKUP($F78,raw_data!$1:$1048576,MATCH(L$1,raw_data!$1:$1,0),FALSE),L76) -> 195.55273 | M78: =MIN(VLOOKUP($F78,raw_data!$1:$1048576,MATCH(M$1,raw_data!$1:$1,0),FALSE),M76) -> 0 | N78: =MIN(VLOOKUP($F78,raw_data!$1:$1048576,MATCH(N$1,raw_data!$1:$1,0),FALSE),N76) -> 270.33808 | O78: =MIN(VLOOKUP($F78,raw_data!$1:$1048576,MATCH(O$1,raw_data!$1:$1,0),FALSE),O76) -> 206.88474 | ... Q78: =MIN(VLOOKUP($F78,raw_data!$1:$1048576,MATCH(Q$1,raw_data!$1:$1,0),FALSE),Q76) -> 255.08523 | R78: =R76*R93 -> 296.07312 | S78: =S76*S93 -> 320.94003 | T78: =T76*T93 -> 348.9152 | U78: =U76*U93 -> 377.85324 | V78: =V76*V93 -> 408.84523 | W78: =W76*W93 -> 443.89776 | X78: =X76*X93 -> 474.59031 | Y78: =Y76*Y93 -> 508.50339 | ... AU78: =AU76*AU93 -> 1363.0577
B79: Transfer Passengers(ADPM) | C79: Peak Hour Transfer Passengers(ADPM) | D79: float0 | F79: ADPM/tr_pax/all/첨두시 | H79: =VLOOKUP($F79,raw_data!$1:$1048576,MATCH(H$1,raw_data!$1:$1,0),FALSE) -> 22.215608 | I79: =VLOOKUP($F79,raw_data!$1:$1048576,MATCH(I$1,raw_data!$1:$1,0),FALSE) -> 17.694978 | J79: =VLOOKUP($F79,raw_data!$1:$1048576,MATCH(J$1,raw_data!$1:$1,0),FALSE) -> 10.2188 | K79: =VLOOKUP($F79,raw_data!$1:$1048576,MATCH(K$1,raw_data!$1:$1,0),FALSE) -> 8.3908843 | L79: =VLOOKUP($F79,raw_data!$1:$1048576,MATCH(L$1,raw_data!$1:$1,0),FALSE) -> 10.060753 | M79: =VLOOKUP($F79,raw_data!$1:$1048576,MATCH(M$1,raw_data!$1:$1,0),FALSE) -> 0 | N79: =VLOOKUP($F79,raw_data!$1:$1048576,MATCH(N$1,raw_data!$1:$1,0),FALSE) -> 23.190612 | O79: =VLOOKUP($F79,raw_data!$1:$1048576,MATCH(O$1,raw_data!$1:$1,0),FALSE) -> 23.385157 | ... Q79: =VLOOKUP($F79,raw_data!$1:$1048576,MATCH(Q$1,raw_data!$1:$1,0),FALSE) -> 22.870259 | R79: =R71*R94 -> 25.182692 | S79: =S71*S94 -> 27.297763 | T79: =T71*T94 -> 29.677209 | U79: =U71*U94 -> 32.138553 | V79: =V71*V94 -> 34.774596 | W79: =W71*W94 -> 37.756012 | X79: =X71*X94 -> 40.366587 | Y79: =Y71*Y94 -> 43.251086 | ... AU79: =AU71*AU94 -> 115.93576
C80: - Peak Hour Transfer darture Passnegers(ADPM) | D80: float0 | F80: ADPM/tr_pax/d/첨두시 | H80: =VLOOKUP($F80,raw_data!$1:$1048576,MATCH(H$1,raw_data!$1:$1,0),FALSE) -> 13.748728 | I80: =VLOOKUP($F80,raw_data!$1:$1048576,MATCH(I$1,raw_data!$1:$1,0),FALSE) -> 9.7666416 | J80: =VLOOKUP($F80,raw_data!$1:$1048576,MATCH(J$1,raw_data!$1:$1,0),FALSE) -> 7.4073281 | K80: =VLOOKUP($F80,raw_data!$1:$1048576,MATCH(K$1,raw_data!$1:$1,0),FALSE) -> 5.6022791 | L80: =VLOOKUP($F80,raw_data!$1:$1048576,MATCH(L$1,raw_data!$1:$1,0),FALSE) -> 11.388114 | M80: =VLOOKUP($F80,raw_data!$1:$1048576,MATCH(M$1,raw_data!$1:$1,0),FALSE) -> 0 | N80: =VLOOKUP($F80,raw_data!$1:$1048576,MATCH(N$1,raw_data!$1:$1,0),FALSE) -> 20.127412 | O80: =VLOOKUP($F80,raw_data!$1:$1048576,MATCH(O$1,raw_data!$1:$1,0),FALSE) -> 18.747057 | ... Q80: =VLOOKUP($F80,raw_data!$1:$1048576,MATCH(Q$1,raw_data!$1:$1,0),FALSE) -> 15.145676 | R80: =R79*R95 -> 18.29604 | S80: =S79*S95 -> 19.832708 | T80: =T79*T95 -> 21.561452 | U80: =U79*U95 -> 23.349698 | V80: =V79*V95 -> 25.264869 | W80: =W79*W95 -> 27.430964 | X80: =X79*X95 -> 29.327631 | Y80: =Y79*Y95 -> 31.423313 | ... AU80: =AU79*AU95 -> 84.231077
C81: - Peak Hour Transfer aival Passengers(ADPM) | D81: float0 | F81: ADPM/tr_pax/a/첨두시 | H81: =VLOOKUP($F81,raw_data!$1:$1048576,MATCH(H$1,raw_data!$1:$1,0),FALSE) -> 20.339808 | I81: =VLOOKUP($F81,raw_data!$1:$1048576,MATCH(I$1,raw_data!$1:$1,0),FALSE) -> 15.313386 | J81: =VLOOKUP($F81,raw_data!$1:$1048576,MATCH(J$1,raw_data!$1:$1,0),FALSE) -> 7.5648314 | K81: =VLOOKUP($F81,raw_data!$1:$1048576,MATCH(K$1,raw_data!$1:$1,0),FALSE) -> 7.9911448 | L81: =VLOOKUP($F81,raw_data!$1:$1048576,MATCH(L$1,raw_data!$1:$1,0),FALSE) -> 5.8816374 | M81: =VLOOKUP($F81,raw_data!$1:$1048576,MATCH(M$1,raw_data!$1:$1,0),FALSE) -> 0 | N81: =VLOOKUP($F81,raw_data!$1:$1048576,MATCH(N$1,raw_data!$1:$1,0),FALSE) -> 20.835841 | O81: =VLOOKUP($F81,raw_data!$1:$1048576,MATCH(O$1,raw_data!$1:$1,0),FALSE) -> 19.408839 | ... Q81: =VLOOKUP($F81,raw_data!$1:$1048576,MATCH(Q$1,raw_data!$1:$1,0),FALSE) -> 8.1452601 | R81: =R79*R96 -> 18.504723 | S81: =S79*S96 -> 20.058918 | T81: =T79*T96 -> 21.807381 | U81: =U79*U96 -> 23.616023 | V81: =V79*V96 -> 25.553038 | W81: =W79*W96 -> 27.74384 | X81: =X79*X96 -> 29.66214 | Y81: =Y79*Y96 -> 31.781725 | ... AU81: =AU79*AU96 -> 85.191811
B82: Crew(ADPM) | C82: Peak Hour Crew(ADPM) | D82: float0 | F82: 첨두여객(명) X 승무원비율(%) | H82: =H71*H19 -> 15.827078 | I82: =I71*I19 -> 15.711436 | J82: =J71*J19 -> 15.801332 | K82: =K71*K19 -> 15.43457 | L82: =L71*L19 -> 22.124032 | M82: =M71*M19 -> 0 | N82: =N71*N19 -> 17.73629 | O82: =O71*O19 -> 17.337201 | ... Q82: =Q71*Q19 -> 20.312232
C83: - Peak Hour darture Crew(ADPM) | D83: float0 | F83: 첨두출발(명) X 승무원비율(%) | H83: =H72*H19 -> 8.1961972 | I83: =I72*I19 -> 10.421688 | J83: =J72*J19 -> 11.190124 | K83: =K72*K19 -> 9.4939792 | L83: =L72*L19 -> 14.24147 | M83: =M72*M19 -> 0 | N83: =N72*N19 -> 10.831044 | O83: =O72*O19 -> 11.06443 | ... Q83: =Q72*Q19 -> 11.2171
C84: - Peak Hour aival Crew(ADPM) | D84: float0 | F84: 첨두도착(명) X 승무원비율(%) | H84: =H73*H19 -> 10.866239 | I84: =I73*I19 -> 16.426945 | J84: =J73*J19 -> 9.9996514 | K84: =K73*K19 -> 8.9997225 | L84: =L73*L19 -> 12.808265 | M84: =M73*M19 -> 0 | N84: =N73*N19 -> 19.207854 | O84: =O73*O19 -> 14.06984 | ... Q84: =Q73*Q19 -> 16.856813
B85: Farewell/Greeter(ADPM) | C85: Fareweller Rate(ADPM) | D85: percent1 | F85: 실적조사, 경험수치 활용(여객 1인당 0.39명) | H85: 0.39 | I85: 0.39 | J85: 0.39 | K85: 0.39 | L85: 0.39 | M85: 0.39 | N85: 0.39 | O85: 0.39 | P85: 0.39 | Q85: 0.39
C86: Peak Hour Farewellers(ADPM) | D86: float0 | F86: 첨두OD출발 X 환송객원단위 | H86: =H77*H85 -> 45.206299 | I86: =I77*I85 -> 59.779802 | J86: =J77*J85 -> 66.885497 | K86: =K77*K85 -> 54.996172 | L86: =L77*L85 -> 82.954734 | M86: =M77*M85 -> 0 | N86: =N77*N85 -> 67.733898 | O86: =O77*O85 -> 64.596371 | ... Q86: =Q77*Q85 -> 65.927545
C87: Greeter Rate(ADPM) | D87: percent1 | F87: 실적조사, 경험수치 활용(여객 1인당 0.45명) | H87: 0.45 | I87: 0.45 | J87: 0.45 | K87: 0.45 | L87: 0.45 | M87: 0.45 | N87: 0.45 | O87: 0.45 | P87: 0.45 | Q87: 0.45
C88: Peak Hour Greeters(ADPM) | D88: float0 | F88: 첨두OD도착 X 환영객원단위 | H88: =H78*H87 -> 68.570291 | I88: =I78*I87 -> 105.55886 | J88: =J78*J87 -> 69.61323 | K88: =K78*K87 -> 60.335173 | L88: =L78*L87 -> 87.998728 | M88: =M78*M87 -> 0 | N88: =N78*N87 -> 121.65214 | O88: =O78*O87 -> 93.098131 | ... Q88: =Q78*Q87 -> 114.78836
A89: Directional Factor(ADPM) | B89: Movement Directional Factor(ADPM) | C89: darture Movement Directional Factor(%)(ADPM) | D89: percent1 | F89: ADPM/movement/d/중방향계수 | G89: =SUMIF($H$157:$Q$157,"O",H89:Q89)/COUNTIFS($H$157:$Q$157,"O",H89:Q89,"<>0") -> 0.68190724 | H89: =H65/H64 -> 0.6185567 | I89: =I65/I64 -> 0.58981299 | J89: =J65/J64 -> 0.77314867 | K89: =K65/K64 -> 0.81516817 | L89: =L65/L64 -> 0.71693486 | M89: =M65/M64 -> #DIV/0! | N89: =N65/N64 -> 0.64204893 | O89: =O65/O64 -> 0.75203405 | ... Q89: =Q65/Q64 -> 0.6690635 | R89: =$G89 -> 0.68190724 | S89: =$G89 -> 0.68190724 | T89: =$G89 -> 0.68190724 | U89: =$G89 -> 0.68190724 | V89: =$G89 -> 0.68190724 | W89: =$G89 -> 0.68190724 | X89: =$G89 -> 0.68190724 | Y89: =$G89 -> 0.68190724 | ... AU89: =$G89 -> 0.68190724
C90: aival Movement Directional Factor(%)(ADPM) | D90: percent1 | F90: ADPM/movement/a/중방향계수 | G90: =SUMIF($H$157:$Q$157,"O",H90:Q90)/COUNTIFS($H$157:$Q$157,"O",H90:Q90,"<>0") -> 0.62466179 | H90: =H66/H64 -> 0.70175439 | I90: =I66/I64 -> 0.6001918 | J90: =J66/J64 -> 0.63294501 | K90: =K66/K64 -> 0.5395515 | L90: =L66/L64 -> 0.59768974 | M90: =M66/M64 -> #DIV/0! | N90: =N66/N64 -> 0.97158578 | O90: =O66/O64 -> 0.69596918 | ... Q90: =Q66/Q64 -> 0.68412151 | R90: =$G90 -> 0.62466179 | S90: =$G90 -> 0.62466179 | T90: =$G90 -> 0.62466179 | U90: =$G90 -> 0.62466179 | V90: =$G90 -> 0.62466179 | W90: =$G90 -> 0.62466179 | X90: =$G90 -> 0.62466179 | Y90: =$G90 -> 0.62466179 | ... AU90: =$G90 -> 0.62466179
B91: Passenger Directional Factor(ADPM) | C91: OD Ratio(%)(ADPM) | D91: percent1 | F91: ADPM/od_pax/all/중방향계수 | G91: =SUMIF($H$157:$Q$157,"O",H91:Q91)/COUNTIFS($H$157:$Q$157,"O",H91:Q91,"<>0") -> 0.94338662 | H91: =H76/H71 -> 0.86804965 | I91: =I76/I71 -> 0.94240472 | J91: =J76/J71 -> 0.96424815 | K91: =K76/K71 -> 0.97138818 | L91: =L76/L71 -> 0.9669687 | M91: =M76/M71 -> #DIV/0! | N91: =N76/N71 -> 0.97204565 | O91: =O76/O71 -> 0.89512266 | ... Q91: =Q76/Q71 -> 0.96812185 | R91: =$G91 -> 0.94338662 | S91: =$G91 -> 0.94338662 | T91: =$G91 -> 0.94338662 | U91: =$G91 -> 0.94338662 | V91: =$G91 -> 0.94338662 | W91: =$G91 -> 0.94338662 | X91: =$G91 -> 0.94338662 | Y91: =$G91 -> 0.94338662 | ... AU91: =$G91 -> 0.94338662
C92: OD darture Passenger Directional Factor(%)(ADPM) | D92: percent1 | F92: ADPM/od_pax/d/중방향계수 | G92: =SUMIF($H$157:$Q$157,"O",H92:Q92)/COUNTIFS($H$157:$Q$157,"O",H92:Q92,"<>0") -> 0.59763991 | H92: =H77/H76 -> 0.53866371 | I92: =I77/I76 -> 0.65344296 | J92: =J77/J76 -> 0.70263744 | K92: =K77/K76 -> 0.61566384 | L92: =L77/L76 -> 0.63124689 | M92: =M77/M76 -> #DIV/0! | N92: =N77/N76 -> 0.64244245 | O92: =O77/O76 -> 0.68982874 | ... Q92: =Q77/Q76 -> 0.54918216 | R92: =$G92 -> 0.59763991 | S92: =$G92 -> 0.59763991 | T92: =$G92 -> 0.59763991 | U92: =$G92 -> 0.59763991 | V92: =$G92 -> 0.59763991 | W92: =$G92 -> 0.59763991 | X92: =$G92 -> 0.59763991 | Y92: =$G92 -> 0.59763991 | ... AU92: =$G92 -> 0.59763991
C93: OD aival Passenger Directional Factor(%)(ADPM) | D93: percent1 | F93: ADPM/od_pax/a/중방향계수 | G93: =SUMIF($H$157:$Q$157,"O",H93:Q93)/COUNTIFS($H$157:$Q$157,"O",H93:Q93,"<>0") -> 0.74050879 | H93: =H78/H76 -> 0.70811998 | I93: =I78/I76 -> 1 | J93: =J78/J76 -> 0.63378682 | K93: =K78/K76 -> 0.58537454 | L93: =L78/L76 -> 0.58034542 | M93: =M78/M76 -> #DIV/0! | N93: =N78/N76 -> 1 | O93: =O78/O76 -> 0.86164072 | ... Q93: =Q78/Q76 -> 0.82870402 | R93: =$G93 -> 0.74050879 | S93: =$G93 -> 0.74050879 | T93: =$G93 -> 0.74050879 | U93: =$G93 -> 0.74050879 | V93: =$G93 -> 0.74050879 | W93: =$G93 -> 0.74050879 | X93: =$G93 -> 0.74050879 | Y93: =$G93 -> 0.74050879 | ... AU93: =$G93 -> 0.74050879
C94: Transfer Ratio(%)(ADPM) | D94: percent1 | F94: ADPM/tr_pax/all/중방향계수 | G94: =SUMIF($H$157:$Q$157,"O",H94:Q94)/COUNTIFS($H$157:$Q$157,"O",H94:Q94,"<>0") -> 0.059418693 | H94: =H79/H71 -> 0.089616121 | I94: =I79/I71 -> 0.071089472 | J94: =J79/J71 -> 0.040369434 | K94: =K79/K71 -> 0.035585767 | L94: =L79/L71 -> 0.028871249 | M94: =M79/M71 -> #DIV/0! | N94: =N79/N71 -> 0.083385713 | O94: =O79/O71 -> 0.087180752 | ... Q94: =Q79/Q71 -> 0.071930857 | R94: =$G94 -> 0.059418693 | S94: =$G94 -> 0.059418693 | T94: =$G94 -> 0.059418693 | U94: =$G94 -> 0.059418693 | V94: =$G94 -> 0.059418693 | W94: =$G94 -> 0.059418693 | X94: =$G94 -> 0.059418693 | Y94: =$G94 -> 0.059418693 | ... AU94: =$G94 -> 0.059418693
C95: Transfer darture Passenger Directional Factor(%)(ADPM) | D95: percent1 | F95: ADPM/tr_pax/d/중방향계수 | G95: =SUMIF($H$157:$Q$157,"O",H95:Q95)/COUNTIFS($H$157:$Q$157,"O",H95:Q95,"<>0") -> 0.72653234 | H95: =H80/H79 -> 0.61887698 | I95: =I80/I79 -> 0.55194427 | J95: =J80/J79 -> 0.72487257 | K95: =K80/K79 -> 0.66766254 | L95: =L80/L79 -> 1.1319346 | M95: =M80/M79 -> #DIV/0! | N95: =N80/N79 -> 0.86791208 | O95: =O80/O79 -> 0.80166478 | ... Q95: =Q80/Q79 -> 0.66224329 | R95: =$G95 -> 0.72653234 | S95: =$G95 -> 0.72653234 | T95: =$G95 -> 0.72653234 | U95: =$G95 -> 0.72653234 | V95: =$G95 -> 0.72653234 | W95: =$G95 -> 0.72653234 | X95: =$G95 -> 0.72653234 | Y95: =$G95 -> 0.72653234 | ... AU95: =$G95 -> 0.72653234
C96: Transfer aival Passenger Directional Factor(%)(ADPM) | D96: percent1 | F96: ADPM/tr_pax/a/중방향계수 | G96: =SUMIF($H$157:$Q$157,"O",H96:Q96)/COUNTIFS($H$157:$Q$157,"O",H96:Q96,"<>0") -> 0.73481912 | H96: =H81/H79 -> 0.91556388 | I96: =I81/I79 -> 0.86540862 | J96: =J81/J79 -> 0.74028566 | K96: =K81/K79 -> 0.95236027 | L96: =L81/L79 -> 0.58461206 | M96: =M81/M79 -> #DIV/0! | N96: =N81/N79 -> 0.89846018 | O96: =O81/O79 -> 0.82996403 | ... Q96: =Q81/Q79 -> 0.35615076 | R96: =$G96 -> 0.73481912 | S96: =$G96 -> 0.73481912 | T96: =$G96 -> 0.73481912 | U96: =$G96 -> 0.73481912 | V96: =$G96 -> 0.73481912 | W96: =$G96 -> 0.73481912 | X96: =$G96 -> 0.73481912 | Y96: =$G96 -> 0.73481912 | ... AU96: =$G96 -> 0.73481912
A100: top | B100: mid | C100: low | D100: decimal | E100: changeable | F100: 변수설명 | G100: 참조지표 | H100: =I100-1 -> 2015 | I100: =J100-1 -> 2016 | J100: =K100-1 -> 2017 | K100: =L100-1 -> 2018 | L100: =M100-1 -> 2019 | M100: =N100-1 -> 2020 | N100: =O100-1 -> 2021 | O100: =P100-1 -> 2022 | P100: =Q100-1 -> 2023 | Q100: =ref!B4 -> 2024 | R100: =Q100+1 -> 2025 | S100: =R100+1 -> 2026 | T100: =S100+1 -> 2027 | U100: =T100+1 -> 2028 | V100: =U100+1 -> 2029 | W100: =V100+1 -> 2030 | X100: =W100+1 -> 2031 | Y100: =X100+1 -> 2032 | ... AU100: =AT100+1 -> 2054
A101: Airside(SBR) | B101: Movements(SBR) | C101: Movement PHF(%)(SBR) | D101: percent4 | F101: SBR/movement/all/PHF | H101: =VLOOKUP($F101,raw_data!$1:$1048576,MATCH(H$1,raw_data!$1:$1,0),FALSE) -> 0.00070546737 | I101: =VLOOKUP($F101,raw_data!$1:$1048576,MATCH(I$1,raw_data!$1:$1,0),FALSE) -> 0.0007217611 | J101: =VLOOKUP($F101,raw_data!$1:$1048576,MATCH(J$1,raw_data!$1:$1,0),FALSE) -> 0.00066093853 | K101: =VLOOKUP($F101,raw_data!$1:$1048576,MATCH(K$1,raw_data!$1:$1,0),FALSE) -> 0.00071658904 | L101: =VLOOKUP($F101,raw_data!$1:$1048576,MATCH(L$1,raw_data!$1:$1,0),FALSE) -> 0.0006190034 | M101: =VLOOKUP($F101,raw_data!$1:$1048576,MATCH(M$1,raw_data!$1:$1,0),FALSE) -> 0.0010277492 | N101: =VLOOKUP($F101,raw_data!$1:$1048576,MATCH(N$1,raw_data!$1:$1,0),FALSE) -> 0.0008071025 | O101: =VLOOKUP($F101,raw_data!$1:$1048576,MATCH(O$1,raw_data!$1:$1,0),FALSE) -> 0.00050037528 | ... Q101: =VLOOKUP($F101,raw_data!$1:$1048576,MATCH(Q$1,raw_data!$1:$1,0),FALSE) -> 0.0005917781 | R101: =0.0021*R20^(-0.183)*$G$103 -> 0.00059361507 | S101: =0.0021*S20^(-0.183)*$G$103 -> 0.00058298809 | T101: =0.0021*T20^(-0.183)*$G$103 -> 0.00057217612 | U101: =0.0021*U20^(-0.183)*$G$103 -> 0.00056205516 | V101: =0.0021*V20^(-0.183)*$G$103 -> 0.00055221787 | W101: =0.0021*W20^(-0.183)*$G$103 -> 0.00054213648 | X101: =0.0021*X20^(-0.183)*$G$103 -> 0.00053407822 | Y101: =0.0021*Y20^(-0.183)*$G$103 -> 0.00052588498 | ... AU101: =0.0021*AU20^(-0.183)*$G$103 -> 0.00042167086
C102: Movement PHF(%) Model(SBR) | D102: percent4 | F102: 모형 | H102: =0.0021*H20^(-0.183) -> 0.00049023248 | I102: =0.0021*I20^(-0.183) -> 0.00049228524 | J102: =0.0021*J20^(-0.183) -> 0.00048441801 | K102: =0.0021*K20^(-0.183) -> 0.00049163778 | L102: =0.0021*L20^(-0.183) -> 0.00047864181 | M102: =0.0021*M20^(-0.183) -> 0.00059620367 | N102: =0.0021*N20^(-0.183) -> 0.00050245683 | O102: =0.0021*O20^(-0.183) -> 0.00046036463 | ... Q102: =0.0021*Q20^(-0.183) -> 0.00044206163
C103: Movement Model PHF / Movement PHF(SBR) | D103: percent1 | F103: 모형PHF / 실제 PHF | G103: =SUMIF($H$153:$Q$153,"O",H103:Q103)/COUNTIFS($H$153:$Q$153,"O",H103:Q103,"<>0") -> 1.3631608 | H103: =H101/H102 -> 1.4390466 | I103: =I101/I102 -> 1.4661441 | J103: =J101/J102 -> 1.3643971 | K103: =K101/K102 -> 1.4575549 | L103: =L101/L102 -> 1.2932498 | M103: =M101/M102 -> 1.7238224 | N103: =N101/N102 -> 1.6063121 | O103: =O101/O102 -> 1.0869108 | ... Q103: =Q101/Q102 -> 1.3386778
C104: Peak Hour Movements(SBR) | D104: float0 | F104: SBR/movement/all/첨두시 | H104: =VLOOKUP($F104,raw_data!$1:$1048576,MATCH(H$1,raw_data!$1:$1,0),FALSE) -> 2 | I104: =VLOOKUP($F104,raw_data!$1:$1048576,MATCH(I$1,raw_data!$1:$1,0),FALSE) -> 2 | J104: =VLOOKUP($F104,raw_data!$1:$1048576,MATCH(J$1,raw_data!$1:$1,0),FALSE) -> 2 | K104: =VLOOKUP($F104,raw_data!$1:$1048576,MATCH(K$1,raw_data!$1:$1,0),FALSE) -> 2 | L104: =VLOOKUP($F104,raw_data!$1:$1048576,MATCH(L$1,raw_data!$1:$1,0),FALSE) -> 2 | M104: =VLOOKUP($F104,raw_data!$1:$1048576,MATCH(M$1,raw_data!$1:$1,0),FALSE) -> 1 | N104: =VLOOKUP($F104,raw_data!$1:$1048576,MATCH(N$1,raw_data!$1:$1,0),FALSE) -> 2 | O104: =VLOOKUP($F104,raw_data!$1:$1048576,MATCH(O$1,raw_data!$1:$1,0),FALSE) -> 2 | ... Q104: =VLOOKUP($F104,raw_data!$1:$1048576,MATCH(Q$1,raw_data!$1:$1,0),FALSE) -> 2.952381 | R104: =R20*R101 -> 3.2149496 | S104: =S20*S101 -> 3.4849703 | T104: =T20*T101 -> 3.7887424 | U104: =U20*U101 -> 4.10297 | V104: =V20*V101 -> 4.4395006 | W104: =W20*W101 -> 4.8201232 | X104: =X20*X101 -> 5.1534023 | Y104: =Y20*Y101 -> 5.5216521 | ... AU104: =AU20*AU101 -> 14.800944
C105: - Peak Hour darture Movement(SBR) | D105: float0 | F105: SBR/movement/d/첨두시 | H105: =VLOOKUP($F105,raw_data!$1:$1048576,MATCH(H$1,raw_data!$1:$1,0),FALSE) -> 1 | I105: =VLOOKUP($F105,raw_data!$1:$1048576,MATCH(I$1,raw_data!$1:$1,0),FALSE) -> 1 | J105: =VLOOKUP($F105,raw_data!$1:$1048576,MATCH(J$1,raw_data!$1:$1,0),FALSE) -> 1 | K105: =VLOOKUP($F105,raw_data!$1:$1048576,MATCH(K$1,raw_data!$1:$1,0),FALSE) -> 1 | L105: =VLOOKUP($F105,raw_data!$1:$1048576,MATCH(L$1,raw_data!$1:$1,0),FALSE) -> 1 | M105: =VLOOKUP($F105,raw_data!$1:$1048576,MATCH(M$1,raw_data!$1:$1,0),FALSE) -> 1 | N105: =VLOOKUP($F105,raw_data!$1:$1048576,MATCH(N$1,raw_data!$1:$1,0),FALSE) -> 1 | O105: =VLOOKUP($F105,raw_data!$1:$1048576,MATCH(O$1,raw_data!$1:$1,0),FALSE) -> 1.6190476 | ... Q105: =VLOOKUP($F105,raw_data!$1:$1048576,MATCH(Q$1,raw_data!$1:$1,0),FALSE) -> 2 | R105: =R104*R127 -> 1.7215537 | S105: =S104*S127 -> 1.8661454 | T105: =T104*T127 -> 2.0288104 | U105: =U104*U127 -> 2.1970742 | V105: =V104*V127 -> 2.377281 | W105: =W104*W127 -> 2.5810982 | X105: =X104*X127 -> 2.7595638 | Y105: =Y104*Y127 -> 2.9567557 | ... AU105: =AU104*AU127 -> 7.925667
C106: - Peak Hour aival Movement(SBR) | D106: float0 | F106: SBR/movement/a/첨두시 | H106: =VLOOKUP($F106,raw_data!$1:$1048576,MATCH(H$1,raw_data!$1:$1,0),FALSE) -> 1 | I106: =VLOOKUP($F106,raw_data!$1:$1048576,MATCH(I$1,raw_data!$1:$1,0),FALSE) -> 1 | J106: =VLOOKUP($F106,raw_data!$1:$1048576,MATCH(J$1,raw_data!$1:$1,0),FALSE) -> 1 | K106: =VLOOKUP($F106,raw_data!$1:$1048576,MATCH(K$1,raw_data!$1:$1,0),FALSE) -> 1 | L106: =VLOOKUP($F106,raw_data!$1:$1048576,MATCH(L$1,raw_data!$1:$1,0),FALSE) -> 1 | M106: =VLOOKUP($F106,raw_data!$1:$1048576,MATCH(M$1,raw_data!$1:$1,0),FALSE) -> 1 | N106: =VLOOKUP($F106,raw_data!$1:$1048576,MATCH(N$1,raw_data!$1:$1,0),FALSE) -> 1 | O106: =VLOOKUP($F106,raw_data!$1:$1048576,MATCH(O$1,raw_data!$1:$1,0),FALSE) -> 1.4761905 | ... Q106: =VLOOKUP($F106,raw_data!$1:$1048576,MATCH(Q$1,raw_data!$1:$1,0),FALSE) -> 2 | R106: =R104*R128 -> 1.7215537 | S106: =S104*S128 -> 1.8661454 | T106: =T104*T128 -> 2.0288104 | U106: =U104*U128 -> 2.1970742 | V106: =V104*V128 -> 2.377281 | W106: =W104*W128 -> 2.5810982 | X106: =X104*X128 -> 2.7595638 | Y106: =Y104*Y128 -> 2.9567557 | ... AU106: =AU104*AU128 -> 7.925667
...

Sheet raw_data
A1: KOR | B1: EN | C1: 2015 | D1: 2016 | E1: 2017 | F1: 2018 | G1: 2019 | H1: 2020 | I1: 2021 | J1: 2022 | K1: 2023 | L1: 2024
A2: 연간여객 | B2: annual_passengers | C2: 317549 | D2: 296385 | E2: 300529 | F2: 360857 | G2: 427585 | H2: 119957 | I2: 336251 | J2: 503019 | K2: 493777 | L2: 601530
A3: International여객 | B3: international_passengers | C3: 125299 | D3: 103500 | E3: 117081 | F3: 162463 | G3: 212440 | H3: 54451 | I3: 174174 | J3: 298727 | K3: 265902 | L3: 318069
A4: Domestic여객 | B4: domestic_passengers | C4: 192250 | D4: 192885 | E4: 183448 | F4: 198394 | G4: 215145 | H4: 65506 | I4: 162077 | J4: 204292 | K4: 227875 | L4: 283461
A5: Long_haul여객 | B5: long_haul_passengers | C5: 4469 | D5: 7174 | E5: 7308 | F5: 5646 | G5: 11025 | H5: 0 | I5: 0 | J5: 3387 | K5: 8780 | L5: 13587
A6: Short_haul여객 | B6: short_haul_passengers | C6: 313080 | D6: 289211 | E6: 293221 | F6: 355211 | G6: 416560 | H6: 119957 | I6: 336251 | J6: 499632 | K6: 484997 | L6: 587943
A7: 정규여객 | B7: scheduled_passengers | C7: 317549 | D7: 296385 | E7: 300529 | F7: 360857 | G7: 427585 | H7: 119957 | I7: 336251 | J7: 503019 | K7: 493777 | L7: 601530
A8: 전세기여객 | B8: charter_passengers | C8: 0 | D8: 0 | E8: 0 | F8: 0 | G8: 0 | H8: 0 | I8: 0 | J8: 0 | K8: 0 | L8: 0
A9: 연간OD여객 | B9: annual_od_passengers | C9: 298953 | D9: 282010 | E9: 289205 | F9: 351296 | G9: 417084 | H9: 117998 | I9: 324976 | J9: 486433 | K9: 485051 | L9: 583227
A10: 연간환승승객 | B10: annual_transfer_passengers | C10: 18596 | D10: 14375 | E10: 11324 | F10: 9561 | G10: 10501 | H10: 1959 | I10: 11275 | J10: 16586 | K10: 8726 | L10: 18303
A11: 연간승무원 | B11: annual_crew | C11: 20274 | D11: 18708 | E11: 18760 | F11: 23621 | G11: 27147 | H11: 7780 | I11: 21444 | J11: 32512 | K11: 31869 | L11: 38429
A12: 연간운항 | B12: annual_movements | C12: 2835 | D12: 2771 | E12: 3026 | F12: 2791 | G12: 3231 | H12: 973 | I12: 2478 | J12: 3997 | K12: 3712 | L12: 4989
... A37: 대당유상탑재중량 | B37: payload_per_aircraft | C37: 8748.642 | D37: 15402.526 | E37: 13794.448 | F37: 21093.085 | G37: 18936.614 | H37: 18987.873 | I37: 16013.479 | J37: 18391.093 | K37: 24565.248 | L37: 23106.835
A38: 피크시간 턴어라운드편 평균주기시간(분) | B38: peak_turnaround_cycle_time_min
A39: 피크시간 턴어라운드편 평균그라운드시간(분) | B39: peak_turnaround_ground_time_min
A40: 턴어라운드편 평균주기시간(분) | B40: avg_turnaround_cycle_time_min
A41: 턴어라운드편 평균그라운드시간(분) | B41: avg_turnaround_ground_time_min
A42: (오버나잇, 소산 포함) 피크시간 평균주기시간(분) | B42: peak_cycle_time_with_overnight_dispersion_min
A43: (오버나잇, 소산 포함) 평균주기시간(분) | B43: avg_cycle_time_with_overnight_dispersion_min
A44: (오버나잇, 소산 포함) 평균그라운드시간(분) | B44: avg_ground_time_with_overnight_dispersion_min
A45: (Narrowbody Jets급)운항횟수 | B45: narrowbody_movements | C45: 2791 | D45: 2662 | E45: 2944 | F45: 2694 | G45: 3049 | H45: 960 | I45: 2421 | J45: 3927 | K45: 3594 | L45: 4879
A46: (Narrowbody Jets급)혼합율 | B46: narrowbody_mix_ratio | C46: 0.98447972 | D46: 0.96066402 | E46: 0.97290152 | F46: 0.96524543 | G46: 0.94367069 | H46: 0.98663926 | I46: 0.97699758 | J46: 0.98248687 | K46: 0.96821121 | L46: 0.97795149
A47: (Narrowbody Jets급)대당좌석수 | B47: narrowbody_seats_per_aircraft | C47: 129.81799 | D47: 125.85011 | E47: 121.13451 | F47: 158.29399 | G47: 161.68711 | H47: 163.43229 | I47: 164.03511 | J47: 150.26076 | K47: 160.21202 | L47: 155.74564
A48: (Narrowbody Jets급)대당여객 | B48: narrowbody_passengers_per_aircraft | C48: 110.74884 | D48: 103.57363 | E48: 96.965353 | F48: 128.0464 | G48: 130.55297 | H48: 122.5 | I48: 134.48286 | J48: 124.40565 | K48: 131.25849 | L48: 119.35807
A49: (Narrowbody Jets급)탑승율 | B49: narrowbody_load_factor | C49: 0.85310856 | D49: 0.82299194 | E49: 0.8004767 | F49: 0.80891512 | G49: 0.80744203 | H49: 0.74954587 | I49: 0.81984192 | J49: 0.82793175 | K49: 0.81927989 | L49: 0.76636535
A50: (Narrowbody Jets급)환승율 | B50: narrowbody_transfer_rate | C50: 0.057968295 | D50: 0.048445304 | E50: 0.037612185 | F50: 0.026736666 | G50: 0.024408626 | H50: 0.016190476 | I50: 0.030772491 | J50: 0.032865205 | K50: 0.017530732 | L50: 0.03033753
A51: (Narrowbody Jets급)대당환승승객 | B51: narrowbody_transfer_passengers_per_aircraft | C51: 6.4199212 | D51: 5.0176559 | E51: 3.6470788 | F51: 3.4235338 | G51: 3.1866186 | H51: 1.9833333 | I51: 4.1383726 | J51: 4.0886173 | K51: 2.3010573 | L51: 3.6210289
A52: (Narrowbody Jets급)대당승무원 | B52: narrowbody_crew_per_aircraft | C52: 7.0677177 | D52: 6.5097671 | E52: 6.0424592 | F52: 8.3834447 | G52: 8.2715644 | H52: 7.946875 | I52: 8.5658819 | J52: 8.0407436 | K52: 8.4752365 | L52: 7.6179545
A53: (Narrowbody Jets급)승무원비율 | B53: narrowbody_crew_ratio | C53: 0.063817535 | D53: 0.062851588 | E53: 0.062315652 | F53: 0.065471928 | G53: 0.063357919 | H53: 0.064872449 | I53: 0.063694972 | J53: 0.064633265 | K53: 0.064569056 | L53: 0.06382438
A54: (Narrowbody Jets급)명당수하물 | B54: narrowbody_baggage_per_passenger | C54: 12.3 | D54: 12.3 | E54: 12.3 | F54: 12.3 | G54: 12.3 | H54: 12.3 | I54: 12.3 | J54: 12.3 | K54: 12.3 | L54: 12.3
A55: (Narrowbody Jets급)대당최대이륙중량 | B55: narrowbody_mtow_per_aircraft | C55: 138341.81 | D55: 133238.17 | E55: 127570.65 | F55: 164580.55 | G55: 172663.82 | H55: 170662.5 | I55: 163061.54 | J55: 150595.87 | K55: 160853.64 | L55: 145342.08
A56: (Narrowbody Jets급)대당택싱평균 | B56: narrowbody_avg_taxi_time | C56: 0 | D56: 0 | E56: 0 | F56: 0 | G56: 0 | H56: 0 | I56: 0 | J56: 0 | K56: 0 | L56: 0
... A72: (Widebody Jets급)대당유상탑재중량 | B72: widebody_payload_per_aircraft | C72: 48727.273 | D72: 52333.945 | E72: 43600 | F72: 30602.062 | G72: 32528.571 | H72: 25400 | I72: 30164.912 | J72: 26971.429 | K72: 41896.552 | L72: 62971.154
A73: SBR/시작(N번째) | B73: sbr_start_n | C73: 140번째 | D73: 140번째 | E73: 140번째 | F73: 140번째 | G73: 140번째 | H73: 140번째 | I73: 140번째 | J73: 140번째 | K73: 140번째 | L73: 140번째
A74: SBR/종료(N번째) | B74: sbr_end_n | C74: 160번째 | D74: 160번째 | E74: 160번째 | F74: 160번째 | G74: 160번째 | H74: 160번째 | I74: 160번째 | J74: 160번째 | K74: 160번째 | L74: 160번째
A75: ADPM/movement/all/H팩터 | B75: adpm_movement_all_h_factor | C75: 4 | D75: 4.7 | E75: 4.7 | F75: 5.7666667 | G75: 4.175 | H75: 0 | I75: 6.175 | J75: 6.2866667 | K75: 6.1333333 | L75: 6.8333333
A76: ADPM/movement/all/D팩터 | B76: adpm_movement_all_d_factor | C76: 320.25 | D76: 327.28346 | E76: 318.25172 | F76: 297.64161 | G76: 292.85438 | H76: 0 | I76: 231.12844 | J76: 327.53194 | K76: 321.87972 | L76: 297.77789
A77: ADPM/movement/all/PHF | B77: adpm_movement_all_phf | C77: 0.00078064012 | D77: 0.00065009687 | E77: 0.00066854613 | F77: 0.00058261479 | G77: 0.00081788415 | H77: 0 | I77: 0.00070066375 | J77: 0.00048565281 | K77: 0.00050653542 | L77: 0.00049144503
A78: ADPM/movement/all/첨두시 | B78: adpm_movement_all_peak_hour | C78: 2.2131148 | D78: 1.8014184 | E78: 2.0230206 | F78: 1.6260779 | G78: 2.6425837 | H78: 0 | I78: 1.7362448 | J78: 1.9411543 | K78: 1.8802595 | L78: 2.4518193
A79: SBR/movement/all/PHF | B79: sbr_movement_all_phf | C79: 0.00070546737 | D79: 0.0007217611 | E79: 0.00066093853 | F79: 0.00071658904 | G79: 0.0006190034 | H79: 0.0010277492 | I79: 0.0008071025 | J79: 0.00050037528 | K79: 0.0005387931 | L79: 0.0005917781
A80: SBR/movement/all/첨두시 | B80: sbr_movement_all_peak_hour | C80: 2 | D80: 2 | E80: 2 | F80: 2 | G80: 2 | H80: 1 | I80: 2 | J80: 2 | K80: 2 | L80: 2.952381
A81: ADPM_SBR/movement/all/첨두시_N번째 | B81: adpm_sbr_movement_all_peak_hour_n | C81: 11 | D81: 431 | E81: 54 | F81: 331 | G81: 50 | H81: 0 | I81: 364 | J81: 616 | K81: 577 | L81: 159
A82: ADPM/movement/d/H팩터 | B82: adpm_movement_d_h_factor | C82: 3.2333333 | D82: 4 | E82: 3.05 | F82: 3.5 | G82: 2.9333333 | H82: 0 | I82: 4.75 | J82: 4.1333333 | K82: 5.6 | L82: 5.0666667
A83: ADPM/movement/d/D팩터 | B83: adpm_movement_d_d_factor | C83: 320.58889 | D83: 326.11765 | E83: 316.73883 | F83: 300.25795 | G83: 292.04425 | H83: 0 | I83: 232.66873 | J83: 329.63764 | K83: 321.63636 | L83: 299.22485
A84: ADPM/movement/d/PHF | B84: adpm_movement_d_phf | C84: 0.00096471949 | D84: 0.00076659452 | E84: 0.0010351394 | F84: 0.00095156277 | G84: 0.00116732 | H84: 0 | I84: 0.00090483287 | J84: 0.00073394374 | K84: 0.00055519664 | L84: 0.00065959903
A85: ADPM/movement/d/첨두시 | B85: adpm_movement_d_peak_hour | C85: 1.368937 | D85: 1.0625 | E85: 1.5640957 | F85: 1.3255269 | G85: 1.8945604 | H85: 0 | I85: 1.1147541 | J85: 1.4598141 | K85: 1.030445 | L85: 1.6404228
A86: SBR/movement/d/PHF | B86: sbr_movement_d_phf | C86: 0.00070472163 | D86: 0.00072150072 | E86: 0.00066181337 | F86: 0.00071787509 | G86: 0.00061614295 | H86: 0.0022222222 | I86: 0.00081168831 | J86: 0.00081400081 | K86: 0.0005387931 | L86: 0.00080418175
... A189: ADPM/tr_pax/a/중방향계수 | B189: adpm_tr_pax_a_directional_factor | C189: 0.91556388 | D189: 0.86540862 | E189: 0.74028566 | F189: 0.95236027 | G189: 0.58461206 | H189: 0 | I189: 0.89846018 | J189: 0.82996403 | K189: 0.6604448 | L189: 0.35615076
A190: 항공사배치 | B190: airline_allocation | C190: ['HY', 'SU', 'S7'] | D190: ['HY', 'S7', 'SU'] | E190: ['HY', 'S7', 'U6'] | F190: ['HY', 'U6', 'S7', 'N4'] | G190: ['HY', 'S7', 'U6', 'N4'] | H190: ['HY', 'U6', 'N4', 'ZF', 'RL'] | I190: ['HY', 'DV', 'ZF', 'U6', 'S7', 'SU', 'RL', 'WZ', 'TK', 'R3', 'N4'] | J190: ['HY', 'TK', 'DV', 'SU', 'WZ', 'R3', 'S7', 'U6', 'IO', 'A4', 'ZF', 'RL'] | K190: ['HY', 'US', 'C6', 'SU', 'S7', 'IO', 'J2', 'A4', 'TK', 'WZ', 'DV'] | L190: ['HY', 'US', 'C6', 'HH', 'HJ', 'S7', 'SU', 'U6', 'J2', 'TK', 'WZ', 'A4', '2W']
A191: (Regional Jets급)운항횟수 | B191: regional_movements | K191: 2 | L191: 6
A192: (Regional Jets급)혼합율 | B192: regional_mix_ratio | K192: 0.0005387931 | L192: 0.0012026458
A193: (Regional Jets급)대당좌석수 | B193: regional_seats_per_aircraft | K193: 106 | L193: 106
A194: (Regional Jets급)대당여객 | B194: regional_passengers_per_aircraft | K194: 63.5 | L194: 70.5
A195: (Regional Jets급)탑승율 | B195: regional_load_factor | K195: 0.5990566 | L195: 0.66509434
A196: (Regional Jets급)환승율 | B196: regional_transfer_rate | K196: 0 | L196: 0.028368794
A197: (Regional Jets급)대당환승승객 | B197: regional_transfer_passengers_per_aircraft | K197: 0 | L197: 2
A198: (Regional Jets급)대당승무원 | B198: regional_crew_per_aircraft | K198: 4 | L198: 4.5
A199: (Regional Jets급)승무원비율 | B199: regional_crew_ratio | K199: 0.062992126 | L199: 0.063829787
A200: (Regional Jets급)명당수하물 | B200: regional_baggage_per_passenger | K200: 12.3 | L200: 12.3
A201: (Regional Jets급)대당최대이륙중량 | B201: regional_mtow_per_aircraft | K201: 110000 | L201: 110000
A202: (Regional Jets급)대당택싱평균 | B202: regional_avg_taxi_time | K202: 0 | L202: 0
... A204: (Regional Jets급)대당유상탑재중량 | B204: regional_payload_per_aircraft | K204: 3600 | L204: 4266.6667

Sheet ref
A2: airport_iata_code_list | B2: ['UGC']
A3: start_year | B3: 2015
A4: end_year | B4: 2024
A5: predict_end_year | B5: 2051
B12: 2015 | C12: 2016 | D12: 2017 | E12: 2018 | F12: 2019 | G12: 2020 | H12: 2021 | I12: 2022 | J12: 2023 | K12: 2024
A13: Demand | B13: FALSE | C13: FALSE | D13: FALSE | E13: TRUE | F13: TRUE | G13: FALSE | H13: FALSE | I13: FALSE | J13: FALSE | K13: TRUE
A14: Load_Factor | B14: FALSE | C14: FALSE | D14: FALSE | E14: TRUE | F14: TRUE | G14: FALSE | H14: FALSE | I14: FALSE | J14: FALSE | K14: TRUE
A15: Transfer_Rate | B15: FALSE | C15: FALSE | D15: FALSE | E15: TRUE | F15: TRUE | G15: FALSE | H15: FALSE | I15: FALSE | J15: FALSE | K15: TRUE
A16: FleetMix_Rate | B16: FALSE | C16: FALSE | D16: FALSE | E16: TRUE | F16: TRUE | G16: FALSE | H16: FALSE | I16: FALSE | J16: FALSE | K16: TRUE
A17: Seats_Per_Aircraft | B17: FALSE | C17: FALSE | D17: FALSE | E17: TRUE | F17: TRUE | G17: FALSE | H17: FALSE | I17: FALSE | J17: FALSE | K17: TRUE
A18: Load_Factor_By_Class | B18: FALSE | C18: FALSE | D18: FALSE | E18: TRUE | F18: TRUE | G18: FALSE | H18: FALSE | I18: FALSE | J18: FALSE | K18: TRUE
A19: Transfer_Rate_By_Class | B19: FALSE | C19: FALSE | D19: FALSE | E19: TRUE | F19: TRUE | G19: FALSE | H19: FALSE | I19: FALSE | J19: FALSE | K19: TRUE
A20: Crew_Per_Aircraft | B20: FALSE | C20: FALSE | D20: FALSE | E20: TRUE | F20: TRUE | G20: FALSE | H20: FALSE | I20: FALSE | J20: FALSE | K20: TRUE
A21: Movement_PHF_Adjustment | B21: FALSE | C21: FALSE | D21: FALSE | E21: TRUE | F21: TRUE | G21: FALSE | H21: FALSE | I21: FALSE | J21: FALSE | K21: TRUE
A22: Movement_D_Factor | B22: FALSE | C22: FALSE | D22: FALSE | E22: TRUE | F22: TRUE | G22: FALSE | H22: FALSE | I22: FALSE | J22: FALSE | K22: TRUE
A23: Passenger_PHF_Adjustment | B23: FALSE | C23: FALSE | D23: FALSE | E23: TRUE | F23: TRUE | G23: FALSE | H23: FALSE | I23: FALSE | J23: FALSE | K23: TRUE
A24: Passenger_D_Factor | B24: FALSE | C24: FALSE | D24: FALSE | E24: TRUE | F24: TRUE | G24: FALSE | H24: FALSE | I24: FALSE | J24: FALSE | K24: TRUE
... A27: PeakTime Standing | B27: FALSE | C27: FALSE | D27: FALSE | E27: TRUE | F27: TRUE | G27: FALSE | H27: FALSE | I27: FALSE | J27: FALSE | K27: TRUE

Sheet Reg (total_passenger)
B1: GDP per capita | C1: Working-age Population | D1: COVID19 | E1: regression
A2: 2015 | B2: 7463.5 | C2: 21015278 | D2: 0 | E2: 317549 | F2: 7463.5
A3: 2016 | B3: 7767.8 | C3: 21308256 | D3: 0 | E3: 296385 | F3: =F2*1.035 -> 7724.7225
A4: 2017 | B4: 7971.6 | C4: 21583420 | D4: 0 | E4: 300529 | F4: =F3*1.035 -> 7995.0878 | H4: =4.5/3.5 -> 1.2857143
A5: 2018 | B5: 8276.6 | C5: 21843170 | D5: 0 | E5: 360857 | F5: =F4*1.035 -> 8274.9159
A6: 2019 | B6: 8678.6 | C6: 22105578 | D6: 0 | E6: 427585 | F6: =F5*1.035 -> 8564.5379
A7: 2020 | B7: 8645.3 | C7: 22374882 | D7: 1 | E7: 119957 | F7: =F6*1.035 -> 8864.2967
A8: 2021 | B8: 9163.3 | C8: 22676383 | D8: 0.2 | E8: 336251 | F8: =F7*1.035 -> 9174.5471
A9: 2022 | B9: 9517 | C9: 23047260 | D9: 0.2 | E9: 503019 | F9: =F8*1.035 -> 9495.6563
A10: 2023 | B10: 9904.2 | C10: 23479159 | D10: 0 | E10: 493899 | F10: =F9*1.035 -> 9828.0042
A11: 2024 | B11: 10204.9 | C11: 23785528 | D11: 0 | E11: 601405 | F11: =F10*1.035 -> 10171.984
A12: 2025 | B12: 10565.6 | C12: 24088446 | D12: 0 | E12: 609581 | F12: =F11*1.035 -> 10528.004
A13: 2026 | B13: 10937.7 | C13: 24377779 | D13: 0 | E13: 658766 | F13: =F12*1.035 -> 10896.484
A14: 2027 | B14: 11323.4 | C14: 24661828 | D14: 0 | E14: 711583 | F14: =F13*1.035 -> 11277.861
A15: 2028 | B15: 11722.9 | C15: 24959387 | D15: 0 | E15: 765903 | F15: =F14*1.035 -> 11672.586
A16: 2029 | B16: 12136.5 | C16: 25279029 | D16: 0 | E16: 820800 | F16: =F15*1.035 -> 12081.127
... A22: 2035 | B22: 14475.116 | C22: 27524241 | D22: 0 | E22: 1080539 | F22: =F21*1.035 -> 14850.789
A23: 2036 | B23: 14881.779 | C23: 27944126 | D23: 0 | E23: 1122296 | F23: =F22*1.03 -> 15296.313
A24: 2037 | B24: 15293.487 | C24: 28325367 | D24: 0 | E24: 1169645 | F24: =F23*1.03 -> 15755.202
A25: 2038 | B25: 15709.815 | C25: 28673129 | D25: 0 | E25: 1221895 | F25: =F24*1.03 -> 16227.858
A26: 2039 | B26: 16130.788 | C26: 28986910 | D26: 0 | E26: 1279108 | F26: =F25*1.03 -> 16714.694
A27: 2040 | B27: 16556.85 | C27: 29268069 | D27: 0 | E27: 1341226 | F27: =F26*1.03 -> 17216.135
A28: 2041 | B28: 16987.7 | C28: 29520378 | D28: 0 | E28: 1407746 | F28: =F27*1.03 -> 17732.619
A29: 2042 | B29: 17422.771 | C29: 29747651 | D29: 0 | E29: 1478100 | F29: =F28*1.03 -> 18264.597
A30: 2043 | B30: 17861.889 | C30: 29957984 | D30: 0 | E30: 1551314 | F30: =F29*1.03 -> 18812.535
A31: 2044 | B31: 18305.279 | C31: 30152252 | D31: 0 | E31: 1627335 | F31: =F30*1.03 -> 19376.911
A32: 2045 | B32: 18752.034 | C32: 30331171 | D32: 0 | E32: 1705880 | F32: =F31*1.03 -> 19958.219
A33: 2046 | B33: 19201.903 | C33: 30496862 | D33: 0 | E33: 1786647 | F33: =F32*1.03 -> 20556.965
A34: 2047 | B34: 19655.138 | C34: 30646766 | D34: 0 | E34: 1869989 | F34: =F33*1.03 -> 21173.674
... A40: 2053 | B40: 22486.14 | C40: 31293606 | D40: 0 | E40: 2424055 | F40: =F39*1.03 -> 25282.474
A41: 2054 | B41: 22985.753 | C41: 31393407 | D41: 0 | E41: 2523497 | F41: =F40*1.03 -> 26040.949 | H41: =E41*1.3 -> 3280546.1
A42: 2055 | B42: 23496.226 | C42: 31493526 | D42: 0 | E42: 2625315 | F42: =F41*1.03 -> 26822.177
A43: 2056 | B43: 24019.143 | C43: 31593965 | D43: 0 | E43: 2729860 | F43: =F42*1.03 -> 27626.843
A44: 2057 | B44: 24555.92 | C44: 31694724 | D44: 0 | E44: 2837447 | F44: =F43*1.03 -> 28455.648
A45: 2058 | B45: 25106.678 | C45: 31795804 | D45: 0 | E45: 2948103 | F45: =F44*1.03 -> 29309.317
A46: 2059 | B46: 25670.273 | C46: 31897206 | D46: 0 | E46: 3061573 | F46: =F45*1.03 -> 30188.597
A47: 2060 | B47: 26246.768 | C47: 31998932 | D47: 0 | E47: 3177872 | F47: =F46*1.03 -> 31094.255

Sheet Country Ratio (total_passenger)
B1: airport_real | C1: country_pred | D1: ratio | E1: country ratio
A2: 2015 | B2: 317549 | C2: 4274801 | D2: 0.074283926 | E2: 317549
A3: 2016 | B3: 296385 | C3: 4015174 | D3: 0.073816228 | E3: 296385
A4: 2017 | B4: 300529 | C4: 4344127 | D4: 0.069180528 | E4: 300529
A5: 2018 | B5: 360857 | C5: 5227993 | D5: 0.069024002 | E5: 360857
A6: 2019 | B6: 427585 | C6: 6421627 | D6: 0.06658515 | E6: 427585
A7: 2020 | B7: 119957 | D7: 0.06658515 | E7: 119957
A8: 2021 | B8: 336251 | D8: 0.06658515 | E8: 336251
A9: 2022 | B9: 503019 | C9: 6518515 | D9: 0.077167729 | E9: 503019
A10: 2023 | B10: 493899 | C10: 7286530 | D10: 0.06778247 | E10: 493899
A11: 2024 | B11: 601405 | C11: 7721512 | D11: 0.09 | E11: =C11*D11 -> 694936.08
A12: 2025 | C12: 8272809 | D12: 0.09 | E12: =C12*D12 -> 744552.81
A13: 2026 | C13: 8889600 | D13: 0.09 | E13: =C13*D13 -> 800064
A14: 2027 | C14: 9517063 | D14: 0.09 | E14: =C14*D14 -> 856535.67
A15: 2028 | C15: 10174388 | D15: 0.09 | E15: =C15*D15 -> 915694.92
A16: 2029 | C16: 10877594 | D16: 0.09 | E16: =C16*D16 -> 978983.46
A17: 2030 | C17: 11622038 | D17: 0.09 | E17: =C17*D17 -> 1045983.4
A18: 2031 | C18: 12380233 | D18: 0.09 | E18: =C18*D18 -> 1114221
A19: 2032 | C19: 13127388 | D19: 0.09 | E19: =C19*D19 -> 1181464.9
A20: 2033 | C20: 13880818 | D20: 0.09 | E20: =C20*D20 -> 1249273.6
A21: 2034 | C21: 14631335 | D21: 0.09 | E21: =C21*D21 -> 1316820.1
A22: 2035 | C22: 15377925 | D22: 0.09 | E22: =C22*D22 -> 1384013.2
A23: 2036 | C23: 16121934 | D23: 0.09 | E23: =C23*D23 -> 1450974.1
... A39: 2052 | C39: 27365549 | D39: 0.09 | E39: =C39*D39 -> 2462899.4
